srcIP,destIP,visits,timeofday,date,falsealert
1.1.1.2,0.0.0.9,351,14.7312124831,2017-01-01,0
1.1.1.8,0.0.0.8,283,18.7207026864,2017-01-01,0
1.1.1.1,0.0.0.9,243,7.81199007167,2017-01-01,0
1.1.1.3,0.0.0.9,330,18.5505948775,2017-01-01,0
1.1.1.8,0.0.0.0,241,12.5137021594,2017-01-01,0
1.1.1.6,0.0.0.4,342,3.62998809504,2017-01-01,0
1.1.1.5,0.0.0.8,327,16.8989340324,2017-01-01,0
1.1.1.6,0.0.0.8,230,1.14218523396,2017-01-01,0
1.1.1.2,0.0.0.8,382,5.87715488163,2017-01-01,0
1.1.1.2,0.0.0.7,218,18.9080657773,2017-01-01,0
1.1.1.3,0.0.0.9,420,1.72188397763,2017-01-01,0
1.1.1.6,0.0.0.8,461,7.16430141323,2017-01-01,0
1.1.1.3,0.0.0.7,220,10.0426409813,2017-01-01,0
1.1.1.5,0.0.0.4,357,7.78698404572,2017-01-01,0
1.1.1.2,0.0.0.1,276,7.03540976186,2017-01-01,0
1.1.1.6,0.0.0.8,342,19.3288242281,2017-01-01,0
1.1.1.7,0.0.0.4,229,2.88674843482,2017-01-01,0
1.1.1.2,0.0.0.9,344,14.242597993,2017-01-01,0
1.1.1.7,0.0.0.0,385,3.77519904256,2017-01-01,0
1.1.1.4,0.0.0.6,371,17.6594054216,2017-01-01,0
1.1.1.7,0.0.0.0,344,1.41987880001,2017-01-01,0
1.1.1.5,0.0.0.4,230,15.6029195649,2017-01-01,0
1.1.1.9,0.0.0.7,393,18.395065639,2017-01-01,0
1.1.1.2,0.0.0.9,292,17.5315724932,2017-01-01,0
1.1.1.5,0.0.0.9,403,21.4069730461,2017-01-01,0
1.1.1.4,0.0.0.3,327,3.38164422752,2017-01-01,0
1.1.1.1,0.0.0.9,267,8.79891156203,2017-01-01,0
1.1.1.7,0.0.0.1,443,6.59600395477,2017-01-01,0
1.1.1.9,0.0.0.4,230,1.32688727447,2017-01-01,0
1.1.1.9,0.0.0.2,255,18.2967504263,2017-01-01,0
1.1.1.5,0.0.0.5,372,14.0675802496,2017-01-01,0
1.1.1.0,0.0.0.0,349,21.6803939574,2017-01-01,0
1.1.1.0,0.0.0.2,473,1.14242738967,2017-01-01,0
1.1.1.8,0.0.0.2,480,0.981785472695,2017-01-01,0
1.1.1.5,0.0.0.3,264,3.71571853855,2017-01-01,0
1.1.1.1,0.0.0.9,482,14.8994183479,2017-01-01,0
1.1.1.5,0.0.0.2,279,17.2147634984,2017-01-01,0
1.1.1.8,0.0.0.0,301,5.60063237414,2017-01-01,0
1.1.1.0,0.0.0.2,263,16.905429051,2017-01-01,0
1.1.1.7,0.0.0.7,426,8.31159642694,2017-01-01,0
1.1.1.9,0.0.0.7,292,11.2673078311,2017-01-01,0
1.1.1.8,0.0.0.3,240,0.991514576136,2017-01-01,0
1.1.1.8,0.0.0.8,465,12.5520298003,2017-01-01,0
1.1.1.2,0.0.0.4,372,5.9862014425,2017-01-01,0
1.1.1.6,0.0.0.4,333,8.26615914384,2017-01-01,0
1.1.1.5,0.0.0.9,337,4.0763996868,2017-01-01,0
1.1.1.6,0.0.0.4,395,12.4390160016,2017-01-01,0
1.1.1.8,0.0.0.1,441,22.3276545247,2017-01-01,0
1.1.1.6,0.0.0.4,238,21.95404817,2017-01-01,0
1.1.1.4,0.0.0.9,349,19.7871893337,2017-01-01,0
1.1.1.7,0.0.0.9,265,17.766733102,2017-01-01,1
1.1.1.8,0.0.0.7,411,20.6480353403,2017-01-01,1
1.1.1.7,0.0.0.2,308,8.52156737883,2017-01-01,1
1.1.1.7,0.0.0.4,470,8.61129014748,2017-01-01,1
1.1.1.4,0.0.0.3,320,3.75802900111,2017-01-01,1
2.2.2.1,0.0.0.5,238,18.0426675567,2017-01-01,1
2.2.2.1,0.0.0.5,394,18.907605098,2017-01-01,1
2.2.2.3,0.0.0.7,357,18.0717717907,2017-01-01,1
2.2.2.1,0.0.0.5,353,18.1203332275,2017-01-01,1
2.2.2.2,0.0.0.6,470,18.9567339777,2017-01-01,1
2.2.2.3,0.0.0.2,303,18.6825006902,2017-01-01,1
2.2.2.3,0.0.0.6,203,18.4152772251,2017-01-01,1
2.2.2.3,0.0.0.1,251,18.4830978436,2017-01-01,1
2.2.2.4,0.0.0.3,391,18.3904532475,2017-01-01,1
2.2.2.2,0.0.0.0,259,18.9468475604,2017-01-01,1
2.2.2.1,0.0.0.0,419,18.9423064695,2017-01-01,0
1.1.1.1,0.0.0.0,345,19.2696617937,2017-01-02,0
1.1.1.3,0.0.0.7,289,15.2123772849,2017-01-02,0
1.1.1.8,0.0.0.1,496,8.03686854366,2017-01-02,0
1.1.1.0,0.0.0.9,326,6.32143250393,2017-01-02,0
1.1.1.3,0.0.0.0,339,7.68093150003,2017-01-02,0
1.1.1.4,0.0.0.4,217,4.70063841035,2017-01-02,0
1.1.1.1,0.0.0.2,434,9.75699773896,2017-01-02,0
1.1.1.5,0.0.0.5,384,10.7657164749,2017-01-02,0
1.1.1.8,0.0.0.3,451,4.06513391735,2017-01-02,0
1.1.1.8,0.0.0.9,430,11.9415973982,2017-01-02,0
1.1.1.7,0.0.0.3,223,15.3474900087,2017-01-02,0
1.1.1.5,0.0.0.0,335,2.27548432671,2017-01-02,0
1.1.1.4,0.0.0.1,335,20.9805255101,2017-01-02,0
1.1.1.1,0.0.0.3,296,8.1150157329,2017-01-02,0
1.1.1.5,0.0.0.5,293,12.8272342385,2017-01-02,0
1.1.1.0,0.0.0.5,436,12.5646674118,2017-01-02,0
1.1.1.7,0.0.0.7,255,6.24081314063,2017-01-02,0
1.1.1.2,0.0.0.9,482,8.14992929567,2017-01-02,0
1.1.1.2,0.0.0.5,456,7.49308754154,2017-01-02,0
1.1.1.7,0.0.0.0,296,14.7525658185,2017-01-02,0
1.1.1.1,0.0.0.9,255,8.19491680668,2017-01-02,0
1.1.1.2,0.0.0.7,325,18.4120071174,2017-01-02,0
1.1.1.0,0.0.0.9,327,18.2280447605,2017-01-02,0
1.1.1.9,0.0.0.1,460,12.0364640636,2017-01-02,0
1.1.1.5,0.0.0.6,223,22.120684269,2017-01-02,0
1.1.1.2,0.0.0.4,307,23.7549694284,2017-01-02,0
1.1.1.0,0.0.0.3,364,19.7647019701,2017-01-02,0
1.1.1.8,0.0.0.8,403,9.73222692641,2017-01-02,0
1.1.1.6,0.0.0.9,220,18.9541047519,2017-01-02,0
1.1.1.2,0.0.0.3,259,20.619408121,2017-01-02,0
1.1.1.3,0.0.0.5,358,14.5310643445,2017-01-02,0
1.1.1.9,0.0.0.7,364,3.73871310985,2017-01-02,0
1.1.1.5,0.0.0.1,312,12.856935678,2017-01-02,0
1.1.1.8,0.0.0.6,306,20.5350074866,2017-01-02,0
1.1.1.1,0.0.0.4,334,10.3260695902,2017-01-02,0
1.1.1.1,0.0.0.8,418,18.0999060144,2017-01-02,0
1.1.1.5,0.0.0.1,438,5.30245318159,2017-01-02,0
1.1.1.4,0.0.0.0,243,8.98403381609,2017-01-02,0
1.1.1.8,0.0.0.5,341,3.35448788429,2017-01-02,0
1.1.1.5,0.0.0.4,467,9.12845367479,2017-01-02,0
1.1.1.2,0.0.0.9,219,5.88521415173,2017-01-02,0
1.1.1.1,0.0.0.5,222,4.43716386084,2017-01-02,0
1.1.1.0,0.0.0.8,361,2.17386990638,2017-01-02,0
1.1.1.1,0.0.0.5,335,12.2532204334,2017-01-02,0
1.1.1.0,0.0.0.5,282,6.7769373653,2017-01-02,0
1.1.1.7,0.0.0.8,222,7.30969467438,2017-01-02,0
1.1.1.0,0.0.0.7,496,23.0927412408,2017-01-02,0
1.1.1.5,0.0.0.7,225,16.6157037905,2017-01-02,0
1.1.1.2,0.0.0.1,345,16.9803602854,2017-01-02,0
1.1.1.7,0.0.0.5,209,9.60648293367,2017-01-02,0
1.1.1.5,0.0.0.0,315,5.20296181696,2017-01-02,1
1.1.1.0,0.0.0.2,274,22.9457525392,2017-01-02,1
1.1.1.0,0.0.0.6,217,0.260379426918,2017-01-02,1
1.1.1.6,0.0.0.4,472,15.2414774151,2017-01-02,1
1.1.1.5,0.0.0.8,315,4.43024948439,2017-01-02,1
2.2.2.4,0.0.0.8,248,18.1688289915,2017-01-02,1
2.2.2.4,0.0.0.0,303,18.0686718362,2017-01-02,1
2.2.2.0,0.0.0.5,245,18.5948430508,2017-01-02,1
2.2.2.4,0.0.0.2,204,18.2173735521,2017-01-02,1
2.2.2.3,0.0.0.1,436,18.6528270012,2017-01-02,1
2.2.2.3,0.0.0.8,348,18.7058147286,2017-01-02,1
2.2.2.4,0.0.0.5,467,18.6727496016,2017-01-02,1
2.2.2.1,0.0.0.8,482,18.1672764218,2017-01-02,1
2.2.2.1,0.0.0.0,365,18.2989076783,2017-01-02,1
2.2.2.3,0.0.0.6,210,18.7417345785,2017-01-02,1
2.2.2.3,0.0.0.9,335,18.544812414,2017-01-02,0
1.1.1.5,0.0.0.3,237,8.31587485754,2017-01-03,0
1.1.1.2,0.0.0.6,394,14.2644765406,2017-01-03,0
1.1.1.8,0.0.0.8,241,21.8340928918,2017-01-03,0
1.1.1.5,0.0.0.9,214,12.2979950478,2017-01-03,0
1.1.1.3,0.0.0.0,271,9.57534454185,2017-01-03,0
1.1.1.3,0.0.0.6,467,17.2120598696,2017-01-03,0
1.1.1.6,0.0.0.7,496,9.68657084537,2017-01-03,0
1.1.1.3,0.0.0.3,465,10.812565664,2017-01-03,0
1.1.1.2,0.0.0.4,452,5.81966742515,2017-01-03,0
1.1.1.9,0.0.0.3,221,15.5151462373,2017-01-03,0
1.1.1.7,0.0.0.3,419,19.1107466121,2017-01-03,0
1.1.1.7,0.0.0.7,463,14.0944204601,2017-01-03,0
1.1.1.1,0.0.0.9,396,15.6901966366,2017-01-03,0
1.1.1.6,0.0.0.9,331,0.814497631008,2017-01-03,0
1.1.1.5,0.0.0.2,368,1.63072580041,2017-01-03,0
1.1.1.2,0.0.0.8,336,17.4597007968,2017-01-03,0
1.1.1.8,0.0.0.5,299,4.31972308671,2017-01-03,0
1.1.1.1,0.0.0.2,364,23.3658812517,2017-01-03,0
1.1.1.2,0.0.0.8,342,22.8433301108,2017-01-03,0
1.1.1.6,0.0.0.2,493,23.5190290073,2017-01-03,0
1.1.1.6,0.0.0.7,295,18.6998411646,2017-01-03,0
1.1.1.4,0.0.0.8,260,2.36185612618,2017-01-03,0
1.1.1.9,0.0.0.1,392,23.3864324051,2017-01-03,0
1.1.1.5,0.0.0.9,478,13.2531739762,2017-01-03,0
1.1.1.1,0.0.0.4,343,8.99232178909,2017-01-03,0
1.1.1.8,0.0.0.8,306,7.80938835526,2017-01-03,0
1.1.1.5,0.0.0.3,278,3.88000506916,2017-01-03,0
1.1.1.7,0.0.0.4,375,11.8824740957,2017-01-03,0
1.1.1.7,0.0.0.3,492,5.41941551299,2017-01-03,0
1.1.1.8,0.0.0.6,375,10.743125396,2017-01-03,0
1.1.1.9,0.0.0.3,326,10.1258072462,2017-01-03,0
1.1.1.1,0.0.0.9,474,17.2209991324,2017-01-03,0
1.1.1.8,0.0.0.2,201,15.6199126808,2017-01-03,0
1.1.1.9,0.0.0.9,404,16.2590491915,2017-01-03,0
1.1.1.1,0.0.0.4,296,9.66191857222,2017-01-03,0
1.1.1.3,0.0.0.0,335,10.6467721119,2017-01-03,0
1.1.1.3,0.0.0.4,325,16.9530850228,2017-01-03,0
1.1.1.0,0.0.0.9,292,14.795228376,2017-01-03,0
1.1.1.3,0.0.0.8,301,0.27176202521,2017-01-03,0
1.1.1.4,0.0.0.5,462,20.6129378531,2017-01-03,0
1.1.1.7,0.0.0.9,481,23.7999091731,2017-01-03,0
1.1.1.9,0.0.0.5,225,0.219269497718,2017-01-03,0
1.1.1.2,0.0.0.1,368,13.258337554,2017-01-03,0
1.1.1.2,0.0.0.1,477,12.9608381729,2017-01-03,0
1.1.1.2,0.0.0.9,334,5.22370535059,2017-01-03,0
1.1.1.7,0.0.0.6,469,4.27845001292,2017-01-03,0
1.1.1.1,0.0.0.7,311,18.058107201,2017-01-03,0
1.1.1.0,0.0.0.0,476,7.97389519908,2017-01-03,0
1.1.1.5,0.0.0.7,479,2.91597220766,2017-01-03,0
1.1.1.2,0.0.0.1,354,13.9388026639,2017-01-03,0
1.1.1.2,0.0.0.0,361,18.3348526599,2017-01-03,1
1.1.1.7,0.0.0.8,429,20.9414932178,2017-01-03,1
1.1.1.7,0.0.0.4,489,10.7633354758,2017-01-03,1
1.1.1.8,0.0.0.8,474,0.116659737451,2017-01-03,1
1.1.1.5,0.0.0.3,440,7.82486903708,2017-01-03,1
2.2.2.2,0.0.0.2,323,18.6850009079,2017-01-03,1
2.2.2.0,0.0.0.4,352,18.5244702598,2017-01-03,1
2.2.2.2,0.0.0.3,284,18.3678851073,2017-01-03,1
2.2.2.4,0.0.0.7,469,18.1051134924,2017-01-03,1
2.2.2.1,0.0.0.7,233,18.8037776209,2017-01-03,1
2.2.2.0,0.0.0.4,370,18.132942478,2017-01-03,1
2.2.2.2,0.0.0.0,244,18.4242644168,2017-01-03,1
2.2.2.4,0.0.0.2,446,18.1261179279,2017-01-03,1
2.2.2.3,0.0.0.6,460,18.5789369687,2017-01-03,1
2.2.2.2,0.0.0.9,385,18.0315135747,2017-01-03,1
2.2.2.2,0.0.0.9,368,18.0923269678,2017-01-03,0
1.1.1.9,0.0.0.8,344,0.206734214626,2017-01-04,0
1.1.1.6,0.0.0.2,212,9.51922021038,2017-01-04,0
1.1.1.0,0.0.0.7,370,17.3990640718,2017-01-04,0
1.1.1.3,0.0.0.4,319,13.4890968162,2017-01-04,0
1.1.1.9,0.0.0.9,434,18.9494702862,2017-01-04,0
1.1.1.4,0.0.0.5,331,2.51826564854,2017-01-04,0
1.1.1.8,0.0.0.1,413,3.14032974755,2017-01-04,0
1.1.1.9,0.0.0.4,357,22.465109777,2017-01-04,0
1.1.1.6,0.0.0.2,204,21.7583321817,2017-01-04,0
1.1.1.8,0.0.0.8,253,1.61516681874,2017-01-04,0
1.1.1.2,0.0.0.3,245,1.35868544063,2017-01-04,0
1.1.1.7,0.0.0.9,294,3.28911817603,2017-01-04,0
1.1.1.7,0.0.0.0,247,22.7045274775,2017-01-04,0
1.1.1.5,0.0.0.4,266,0.919593090985,2017-01-04,0
1.1.1.0,0.0.0.3,484,7.13861635356,2017-01-04,0
1.1.1.4,0.0.0.9,387,12.8232592154,2017-01-04,0
1.1.1.1,0.0.0.8,382,23.3899599645,2017-01-04,0
1.1.1.6,0.0.0.7,410,18.2621272835,2017-01-04,0
1.1.1.2,0.0.0.2,271,15.5008041776,2017-01-04,0
1.1.1.7,0.0.0.1,284,8.64095812731,2017-01-04,0
1.1.1.6,0.0.0.3,273,23.2222475367,2017-01-04,0
1.1.1.0,0.0.0.7,300,8.01791913091,2017-01-04,0
1.1.1.9,0.0.0.4,305,12.2658473488,2017-01-04,0
1.1.1.2,0.0.0.4,324,15.0556414045,2017-01-04,0
1.1.1.8,0.0.0.9,337,3.93050274276,2017-01-04,0
1.1.1.1,0.0.0.1,258,0.530668241921,2017-01-04,0
1.1.1.5,0.0.0.6,350,12.5918278927,2017-01-04,0
1.1.1.4,0.0.0.1,288,20.0968373279,2017-01-04,0
1.1.1.9,0.0.0.5,438,21.3054039887,2017-01-04,0
1.1.1.3,0.0.0.7,347,16.0581867062,2017-01-04,0
1.1.1.2,0.0.0.5,469,16.3452562135,2017-01-04,0
1.1.1.7,0.0.0.3,245,9.53677346591,2017-01-04,0
1.1.1.9,0.0.0.7,306,0.387139972304,2017-01-04,0
1.1.1.6,0.0.0.8,271,2.85954462869,2017-01-04,0
1.1.1.4,0.0.0.0,445,13.7269023123,2017-01-04,0
1.1.1.1,0.0.0.2,386,5.92998312566,2017-01-04,0
1.1.1.2,0.0.0.0,275,5.29066042913,2017-01-04,0
1.1.1.6,0.0.0.2,214,13.3919949619,2017-01-04,0
1.1.1.3,0.0.0.6,430,17.9257654957,2017-01-04,0
1.1.1.6,0.0.0.2,334,23.343174236,2017-01-04,0
1.1.1.6,0.0.0.3,229,17.7317144785,2017-01-04,0
1.1.1.5,0.0.0.1,276,2.80851191819,2017-01-04,0
1.1.1.5,0.0.0.7,207,14.5396724423,2017-01-04,0
1.1.1.6,0.0.0.7,250,5.02308192965,2017-01-04,0
1.1.1.7,0.0.0.1,278,5.49161544499,2017-01-04,0
1.1.1.6,0.0.0.3,233,14.7642501071,2017-01-04,0
1.1.1.1,0.0.0.1,493,16.1018806417,2017-01-04,0
1.1.1.0,0.0.0.7,397,17.420485697,2017-01-04,0
1.1.1.4,0.0.0.2,266,11.1477257406,2017-01-04,0
1.1.1.9,0.0.0.6,454,23.124837194,2017-01-04,0
1.1.1.5,0.0.0.8,285,0.736333675678,2017-01-04,1
1.1.1.9,0.0.0.6,291,10.7105880904,2017-01-04,1
1.1.1.0,0.0.0.6,425,9.99792647102,2017-01-04,1
1.1.1.7,0.0.0.0,445,13.3600392426,2017-01-04,1
1.1.1.4,0.0.0.6,448,5.59940805412,2017-01-04,1
2.2.2.0,0.0.0.8,382,18.2452884226,2017-01-04,1
2.2.2.3,0.0.0.4,341,18.1077507146,2017-01-04,1
2.2.2.2,0.0.0.3,484,18.887990508,2017-01-04,1
2.2.2.0,0.0.0.3,457,18.2637007496,2017-01-04,1
2.2.2.4,0.0.0.8,284,18.9261916341,2017-01-04,1
2.2.2.4,0.0.0.8,363,18.9132427258,2017-01-04,1
2.2.2.3,0.0.0.7,210,18.9762736835,2017-01-04,1
2.2.2.2,0.0.0.3,325,18.2369032408,2017-01-04,1
2.2.2.4,0.0.0.8,429,18.9117248772,2017-01-04,1
2.2.2.1,0.0.0.4,244,18.9355917931,2017-01-04,1
2.2.2.0,0.0.0.2,376,18.18437352,2017-01-04,0
1.1.1.5,0.0.0.7,226,11.5612434652,2017-01-05,0
1.1.1.1,0.0.0.8,397,9.62616082743,2017-01-05,0
1.1.1.4,0.0.0.5,227,7.60223929745,2017-01-05,0
1.1.1.9,0.0.0.4,490,5.88392133915,2017-01-05,0
1.1.1.6,0.0.0.2,389,1.16964348602,2017-01-05,0
1.1.1.4,0.0.0.8,497,18.6494618105,2017-01-05,0
1.1.1.5,0.0.0.3,318,20.3070260867,2017-01-05,0
1.1.1.8,0.0.0.6,206,0.762278099785,2017-01-05,0
1.1.1.0,0.0.0.8,317,4.29688963201,2017-01-05,0
1.1.1.3,0.0.0.6,298,14.2353164867,2017-01-05,0
1.1.1.6,0.0.0.7,266,10.9125122563,2017-01-05,0
1.1.1.1,0.0.0.0,276,23.5113305095,2017-01-05,0
1.1.1.2,0.0.0.6,495,11.347738422,2017-01-05,0
1.1.1.3,0.0.0.1,286,6.14140541935,2017-01-05,0
1.1.1.2,0.0.0.5,378,5.50768636261,2017-01-05,0
1.1.1.5,0.0.0.0,271,14.6932928881,2017-01-05,0
1.1.1.5,0.0.0.7,376,0.900677598169,2017-01-05,0
1.1.1.0,0.0.0.6,339,8.4609093968,2017-01-05,0
1.1.1.9,0.0.0.1,377,22.5698107715,2017-01-05,0
1.1.1.0,0.0.0.7,323,15.5271091653,2017-01-05,0
1.1.1.1,0.0.0.5,275,22.4957123879,2017-01-05,0
1.1.1.2,0.0.0.0,484,14.8651928805,2017-01-05,0
1.1.1.1,0.0.0.4,253,15.8513806191,2017-01-05,0
1.1.1.4,0.0.0.3,257,17.7362180302,2017-01-05,0
1.1.1.6,0.0.0.4,319,18.5021982743,2017-01-05,0
1.1.1.4,0.0.0.7,436,6.49687885811,2017-01-05,0
1.1.1.7,0.0.0.0,238,9.42894999352,2017-01-05,0
1.1.1.0,0.0.0.4,361,17.2157297803,2017-01-05,0
1.1.1.8,0.0.0.9,456,14.5984269326,2017-01-05,0
1.1.1.0,0.0.0.7,273,8.98604788442,2017-01-05,0
1.1.1.0,0.0.0.1,307,7.37057157574,2017-01-05,0
1.1.1.7,0.0.0.5,259,7.83023148411,2017-01-05,0
1.1.1.2,0.0.0.1,319,19.4593604828,2017-01-05,0
1.1.1.2,0.0.0.9,200,2.86523039105,2017-01-05,0
1.1.1.1,0.0.0.2,485,19.8628843871,2017-01-05,0
1.1.1.9,0.0.0.0,208,7.72561938805,2017-01-05,0
1.1.1.1,0.0.0.0,231,19.2438922325,2017-01-05,0
1.1.1.7,0.0.0.6,299,9.20023321811,2017-01-05,0
1.1.1.7,0.0.0.9,234,3.81407456051,2017-01-05,0
1.1.1.1,0.0.0.3,224,11.779003438,2017-01-05,0
1.1.1.0,0.0.0.3,420,14.1277802755,2017-01-05,0
1.1.1.0,0.0.0.0,284,6.10119432479,2017-01-05,0
1.1.1.1,0.0.0.2,241,23.9092003391,2017-01-05,0
1.1.1.5,0.0.0.4,393,12.2469153091,2017-01-05,0
1.1.1.4,0.0.0.8,418,1.23463785024,2017-01-05,0
1.1.1.0,0.0.0.0,363,0.754552665621,2017-01-05,0
1.1.1.1,0.0.0.9,227,0.767079419228,2017-01-05,0
1.1.1.4,0.0.0.1,419,6.29226028073,2017-01-05,0
1.1.1.4,0.0.0.2,235,6.74175055758,2017-01-05,0
1.1.1.9,0.0.0.0,281,18.3157960461,2017-01-05,0
1.1.1.0,0.0.0.9,241,17.9096490698,2017-01-05,1
1.1.1.7,0.0.0.7,279,19.200460632,2017-01-05,1
1.1.1.7,0.0.0.0,409,2.20515653948,2017-01-05,1
1.1.1.2,0.0.0.2,420,20.7267889353,2017-01-05,1
1.1.1.5,0.0.0.2,229,3.28467024062,2017-01-05,1
2.2.2.0,0.0.0.1,469,18.9716939436,2017-01-05,1
2.2.2.2,0.0.0.5,256,18.6347927968,2017-01-05,1
2.2.2.4,0.0.0.5,316,18.6165822651,2017-01-05,1
2.2.2.3,0.0.0.2,219,18.8478639614,2017-01-05,1
2.2.2.1,0.0.0.4,404,18.3076169017,2017-01-05,1
2.2.2.4,0.0.0.9,202,18.350687954,2017-01-05,1
2.2.2.3,0.0.0.6,402,18.3423112402,2017-01-05,1
2.2.2.0,0.0.0.8,493,18.8017909183,2017-01-05,1
2.2.2.0,0.0.0.5,247,18.3224209418,2017-01-05,1
2.2.2.2,0.0.0.0,427,18.0360197279,2017-01-05,1
2.2.2.2,0.0.0.8,296,18.946433038,2017-01-05,0
1.1.1.2,0.0.0.9,254,18.5266467302,2017-01-06,0
1.1.1.2,0.0.0.0,468,4.94592565135,2017-01-06,0
1.1.1.2,0.0.0.2,348,2.00521195342,2017-01-06,0
1.1.1.4,0.0.0.5,408,20.7288130057,2017-01-06,0
1.1.1.7,0.0.0.2,466,5.70980573816,2017-01-06,0
1.1.1.4,0.0.0.1,408,14.3055991907,2017-01-06,0
1.1.1.2,0.0.0.3,254,7.37369904978,2017-01-06,0
1.1.1.6,0.0.0.3,286,1.39454665413,2017-01-06,0
1.1.1.8,0.0.0.9,248,1.51968641908,2017-01-06,0
1.1.1.0,0.0.0.3,306,12.0365595327,2017-01-06,0
1.1.1.9,0.0.0.0,344,22.8135996101,2017-01-06,0
1.1.1.8,0.0.0.1,212,11.5288492429,2017-01-06,0
1.1.1.5,0.0.0.7,354,10.4972581823,2017-01-06,0
1.1.1.2,0.0.0.7,278,17.0327531245,2017-01-06,0
1.1.1.4,0.0.0.1,258,17.32072439,2017-01-06,0
1.1.1.1,0.0.0.0,210,14.3552170171,2017-01-06,0
1.1.1.7,0.0.0.0,439,20.811964831,2017-01-06,0
1.1.1.5,0.0.0.3,421,16.2024762691,2017-01-06,0
1.1.1.1,0.0.0.8,263,20.775833507,2017-01-06,0
1.1.1.4,0.0.0.1,493,21.6732676437,2017-01-06,0
1.1.1.5,0.0.0.2,218,21.996670576,2017-01-06,0
1.1.1.7,0.0.0.4,389,3.71405015521,2017-01-06,0
1.1.1.5,0.0.0.9,202,11.0448411526,2017-01-06,0
1.1.1.0,0.0.0.2,478,19.4928884578,2017-01-06,0
1.1.1.6,0.0.0.5,271,0.569711526867,2017-01-06,0
1.1.1.3,0.0.0.5,366,13.0830089624,2017-01-06,0
1.1.1.2,0.0.0.5,445,12.2432437496,2017-01-06,0
1.1.1.1,0.0.0.0,343,3.29350385432,2017-01-06,0
1.1.1.3,0.0.0.9,357,10.0913102882,2017-01-06,0
1.1.1.1,0.0.0.0,351,11.2796782072,2017-01-06,0
1.1.1.4,0.0.0.1,483,2.63703534872,2017-01-06,0
1.1.1.8,0.0.0.9,425,5.93506842208,2017-01-06,0
1.1.1.1,0.0.0.6,443,19.5093263613,2017-01-06,0
1.1.1.6,0.0.0.4,478,13.3632804439,2017-01-06,0
1.1.1.3,0.0.0.2,317,8.88761299424,2017-01-06,0
1.1.1.1,0.0.0.2,492,9.25482701865,2017-01-06,0
1.1.1.5,0.0.0.6,215,10.5184489041,2017-01-06,0
1.1.1.0,0.0.0.8,483,7.93067905119,2017-01-06,0
1.1.1.7,0.0.0.8,430,19.7863556771,2017-01-06,0
1.1.1.1,0.0.0.2,412,10.8279269168,2017-01-06,0
1.1.1.5,0.0.0.6,416,9.30975274864,2017-01-06,0
1.1.1.9,0.0.0.5,276,18.6888675427,2017-01-06,0
1.1.1.8,0.0.0.2,243,15.8805843593,2017-01-06,0
1.1.1.9,0.0.0.4,369,2.61046942866,2017-01-06,0
1.1.1.7,0.0.0.9,341,12.8798084881,2017-01-06,0
1.1.1.4,0.0.0.0,263,6.75910754663,2017-01-06,0
1.1.1.1,0.0.0.2,410,6.92343786083,2017-01-06,0
1.1.1.7,0.0.0.3,435,14.3610366533,2017-01-06,0
1.1.1.4,0.0.0.8,446,3.18468984862,2017-01-06,0
1.1.1.6,0.0.0.7,437,13.8294871007,2017-01-06,0
1.1.1.3,0.0.0.6,284,15.139676637,2017-01-06,1
1.1.1.4,0.0.0.5,466,5.37411296172,2017-01-06,1
1.1.1.4,0.0.0.4,245,10.4509552574,2017-01-06,1
1.1.1.2,0.0.0.4,325,19.7165133025,2017-01-06,1
1.1.1.2,0.0.0.1,281,0.774195311369,2017-01-06,1
2.2.2.4,0.0.0.7,328,18.4298903953,2017-01-06,1
2.2.2.1,0.0.0.7,306,18.9751956022,2017-01-06,1
2.2.2.0,0.0.0.2,252,18.5263037443,2017-01-06,1
2.2.2.2,0.0.0.9,281,18.440813416,2017-01-06,1
2.2.2.0,0.0.0.2,424,18.9231357059,2017-01-06,1
2.2.2.4,0.0.0.4,381,18.2171410855,2017-01-06,1
2.2.2.1,0.0.0.0,222,18.7597552496,2017-01-06,1
2.2.2.3,0.0.0.6,357,18.4388406948,2017-01-06,1
2.2.2.3,0.0.0.1,442,18.8345300316,2017-01-06,1
2.2.2.1,0.0.0.3,397,18.4725702491,2017-01-06,1
2.2.2.4,0.0.0.5,393,18.5151395907,2017-01-06,0
1.1.1.0,0.0.0.8,274,7.99617498801,2017-01-07,0
1.1.1.2,0.0.0.7,254,12.498573392,2017-01-07,0
1.1.1.5,0.0.0.9,382,16.5592124606,2017-01-07,0
1.1.1.7,0.0.0.2,283,10.569035997,2017-01-07,0
1.1.1.5,0.0.0.8,376,16.6281720399,2017-01-07,0
1.1.1.7,0.0.0.1,258,10.4470379589,2017-01-07,0
1.1.1.1,0.0.0.5,486,10.9036240595,2017-01-07,0
1.1.1.0,0.0.0.1,318,21.1607134871,2017-01-07,0
1.1.1.2,0.0.0.9,331,12.327425936,2017-01-07,0
1.1.1.6,0.0.0.6,346,20.5744523299,2017-01-07,0
1.1.1.1,0.0.0.4,320,23.6674541107,2017-01-07,0
1.1.1.5,0.0.0.7,215,12.7384095302,2017-01-07,0
1.1.1.5,0.0.0.1,258,20.9596153916,2017-01-07,0
1.1.1.2,0.0.0.8,487,10.4131146708,2017-01-07,0
1.1.1.3,0.0.0.8,468,3.27594643579,2017-01-07,0
1.1.1.8,0.0.0.6,375,0.854234574315,2017-01-07,0
1.1.1.9,0.0.0.1,388,0.272827925381,2017-01-07,0
1.1.1.7,0.0.0.1,431,12.0945002425,2017-01-07,0
1.1.1.7,0.0.0.6,460,20.1088688789,2017-01-07,0
1.1.1.7,0.0.0.7,248,5.17881588011,2017-01-07,0
1.1.1.8,0.0.0.8,403,2.85244783836,2017-01-07,0
1.1.1.3,0.0.0.9,235,12.8952742091,2017-01-07,0
1.1.1.2,0.0.0.3,398,10.929347363,2017-01-07,0
1.1.1.4,0.0.0.7,334,1.71903351224,2017-01-07,0
1.1.1.0,0.0.0.6,351,1.48975035675,2017-01-07,0
1.1.1.4,0.0.0.7,432,20.196905535,2017-01-07,0
1.1.1.9,0.0.0.7,351,10.0405716708,2017-01-07,0
1.1.1.5,0.0.0.7,275,22.2823948103,2017-01-07,0
1.1.1.9,0.0.0.3,496,0.241752143713,2017-01-07,0
1.1.1.5,0.0.0.0,456,3.99639781667,2017-01-07,0
1.1.1.5,0.0.0.4,495,2.75236920949,2017-01-07,0
1.1.1.5,0.0.0.2,493,19.7989438955,2017-01-07,0
1.1.1.3,0.0.0.6,420,21.5027481444,2017-01-07,0
1.1.1.6,0.0.0.5,470,2.78963986783,2017-01-07,0
1.1.1.9,0.0.0.5,383,8.32918029428,2017-01-07,0
1.1.1.9,0.0.0.9,370,0.794991623876,2017-01-07,0
1.1.1.4,0.0.0.6,453,16.3769801404,2017-01-07,0
1.1.1.1,0.0.0.7,377,18.1122068872,2017-01-07,0
1.1.1.7,0.0.0.3,477,0.793874630493,2017-01-07,0
1.1.1.9,0.0.0.8,295,5.94307589611,2017-01-07,0
1.1.1.8,0.0.0.5,423,15.2408055003,2017-01-07,0
1.1.1.1,0.0.0.5,371,16.138347941,2017-01-07,0
1.1.1.1,0.0.0.0,288,6.96985793439,2017-01-07,0
1.1.1.7,0.0.0.9,389,4.96449452587,2017-01-07,0
1.1.1.9,0.0.0.2,476,21.5430265875,2017-01-07,0
1.1.1.6,0.0.0.1,222,0.480132350681,2017-01-07,0
1.1.1.5,0.0.0.2,364,8.80453558785,2017-01-07,0
1.1.1.7,0.0.0.9,212,5.48501997856,2017-01-07,0
1.1.1.0,0.0.0.9,234,20.9793725255,2017-01-07,0
1.1.1.0,0.0.0.3,475,9.41379674967,2017-01-07,0
1.1.1.5,0.0.0.9,490,12.8629854678,2017-01-07,1
1.1.1.1,0.0.0.7,310,5.91465914409,2017-01-07,1
1.1.1.6,0.0.0.4,259,11.9547208195,2017-01-07,1
1.1.1.5,0.0.0.4,277,17.7660622303,2017-01-07,1
1.1.1.2,0.0.0.6,495,7.51103925588,2017-01-07,1
2.2.2.0,0.0.0.3,289,18.7663872124,2017-01-07,1
2.2.2.0,0.0.0.5,423,18.3288611094,2017-01-07,1
2.2.2.0,0.0.0.7,476,18.1961341544,2017-01-07,1
2.2.2.0,0.0.0.7,390,18.7618917807,2017-01-07,1
2.2.2.0,0.0.0.7,459,18.0854104854,2017-01-07,1
2.2.2.3,0.0.0.7,484,18.7609946701,2017-01-07,1
2.2.2.1,0.0.0.2,368,18.7161691091,2017-01-07,1
2.2.2.2,0.0.0.5,417,18.2908518708,2017-01-07,1
2.2.2.1,0.0.0.5,480,18.1565622462,2017-01-07,1
2.2.2.1,0.0.0.4,233,18.1084730777,2017-01-07,1
2.2.2.2,0.0.0.7,377,18.0250268488,2017-01-07,0
1.1.1.3,0.0.0.0,460,10.1727569811,2017-01-08,0
1.1.1.2,0.0.0.7,435,15.7563094247,2017-01-08,0
1.1.1.3,0.0.0.1,470,12.8003320485,2017-01-08,0
1.1.1.3,0.0.0.8,470,10.5634042334,2017-01-08,0
1.1.1.9,0.0.0.6,440,11.159795498,2017-01-08,0
1.1.1.0,0.0.0.7,444,14.3064956243,2017-01-08,0
1.1.1.5,0.0.0.0,413,9.01606530266,2017-01-08,0
1.1.1.1,0.0.0.2,484,18.8269356899,2017-01-08,0
1.1.1.1,0.0.0.4,209,23.418981284,2017-01-08,0
1.1.1.6,0.0.0.2,410,15.3550695747,2017-01-08,0
1.1.1.2,0.0.0.4,414,2.85088871176,2017-01-08,0
1.1.1.4,0.0.0.3,455,2.23430682016,2017-01-08,0
1.1.1.0,0.0.0.9,485,9.85956330047,2017-01-08,0
1.1.1.9,0.0.0.1,492,7.75887622699,2017-01-08,0
1.1.1.0,0.0.0.1,226,18.6791505866,2017-01-08,0
1.1.1.5,0.0.0.7,433,21.9470319766,2017-01-08,0
1.1.1.3,0.0.0.5,325,20.6103703941,2017-01-08,0
1.1.1.1,0.0.0.6,320,1.906064927,2017-01-08,0
1.1.1.3,0.0.0.7,259,13.4513522508,2017-01-08,0
1.1.1.5,0.0.0.6,340,18.3296125749,2017-01-08,0
1.1.1.1,0.0.0.8,275,20.7823890229,2017-01-08,0
1.1.1.6,0.0.0.4,216,12.5587387608,2017-01-08,0
1.1.1.3,0.0.0.4,287,6.11115163616,2017-01-08,0
1.1.1.7,0.0.0.7,333,23.3551816064,2017-01-08,0
1.1.1.2,0.0.0.7,448,9.45565990233,2017-01-08,0
1.1.1.9,0.0.0.0,383,2.18151903576,2017-01-08,0
1.1.1.0,0.0.0.3,476,12.6198137806,2017-01-08,0
1.1.1.4,0.0.0.2,379,10.8984237621,2017-01-08,0
1.1.1.4,0.0.0.5,491,14.3847011974,2017-01-08,0
1.1.1.4,0.0.0.5,252,6.06008345186,2017-01-08,0
1.1.1.6,0.0.0.0,413,11.1371764553,2017-01-08,0
1.1.1.3,0.0.0.8,391,11.4736493686,2017-01-08,0
1.1.1.6,0.0.0.6,200,9.50313002208,2017-01-08,0
1.1.1.9,0.0.0.8,394,6.79808000963,2017-01-08,0
1.1.1.0,0.0.0.4,460,4.0545329164,2017-01-08,0
1.1.1.1,0.0.0.0,339,23.1738799255,2017-01-08,0
1.1.1.6,0.0.0.8,343,0.715940183181,2017-01-08,0
1.1.1.0,0.0.0.1,271,0.398925110725,2017-01-08,0
1.1.1.4,0.0.0.0,438,6.53848316646,2017-01-08,0
1.1.1.3,0.0.0.4,359,14.4461352099,2017-01-08,0
1.1.1.2,0.0.0.6,218,23.9718999813,2017-01-08,0
1.1.1.0,0.0.0.4,450,23.262283893,2017-01-08,0
1.1.1.2,0.0.0.5,404,2.32012099506,2017-01-08,0
1.1.1.0,0.0.0.7,211,15.0883237801,2017-01-08,0
1.1.1.5,0.0.0.4,444,1.03478978005,2017-01-08,0
1.1.1.3,0.0.0.9,382,4.69334576082,2017-01-08,0
1.1.1.5,0.0.0.7,228,18.0557827946,2017-01-08,0
1.1.1.0,0.0.0.3,430,4.59369477159,2017-01-08,0
1.1.1.7,0.0.0.2,220,8.67987216983,2017-01-08,0
1.1.1.5,0.0.0.2,472,8.56976154476,2017-01-08,0
1.1.1.9,0.0.0.5,401,8.34465552583,2017-01-08,1
1.1.1.1,0.0.0.8,379,13.0258887991,2017-01-08,1
1.1.1.9,0.0.0.1,484,12.5136079316,2017-01-08,1
1.1.1.7,0.0.0.5,431,11.6966047128,2017-01-08,1
1.1.1.7,0.0.0.9,367,19.7729640892,2017-01-08,1
2.2.2.1,0.0.0.3,255,18.2738193391,2017-01-08,1
2.2.2.3,0.0.0.1,345,18.188545991,2017-01-08,1
2.2.2.3,0.0.0.6,310,18.1465002786,2017-01-08,1
2.2.2.3,0.0.0.7,443,18.285388097,2017-01-08,1
2.2.2.4,0.0.0.2,499,18.9748069233,2017-01-08,1
2.2.2.2,0.0.0.8,303,18.0321589744,2017-01-08,1
2.2.2.1,0.0.0.9,334,18.5813872102,2017-01-08,1
2.2.2.2,0.0.0.8,299,18.1378605604,2017-01-08,1
2.2.2.1,0.0.0.5,401,18.1493775182,2017-01-08,1
2.2.2.0,0.0.0.2,423,18.0934838194,2017-01-08,1
2.2.2.1,0.0.0.1,338,18.3610542668,2017-01-08,0
1.1.1.2,0.0.0.3,330,9.58553294427,2017-01-09,0
1.1.1.8,0.0.0.4,267,16.7118880462,2017-01-09,0
1.1.1.3,0.0.0.2,206,6.16628389248,2017-01-09,0
1.1.1.7,0.0.0.9,496,21.323890165,2017-01-09,0
1.1.1.6,0.0.0.9,460,14.8024285319,2017-01-09,0
1.1.1.3,0.0.0.6,406,11.7670771263,2017-01-09,0
1.1.1.6,0.0.0.6,229,16.8376143109,2017-01-09,0
1.1.1.8,0.0.0.4,384,23.8197815345,2017-01-09,0
1.1.1.1,0.0.0.0,330,11.8417558893,2017-01-09,0
1.1.1.7,0.0.0.8,472,2.63314960098,2017-01-09,0
1.1.1.5,0.0.0.0,205,17.4478298454,2017-01-09,0
1.1.1.3,0.0.0.1,367,21.7182543391,2017-01-09,0
1.1.1.1,0.0.0.3,403,6.66985649627,2017-01-09,0
1.1.1.8,0.0.0.4,398,0.484484616469,2017-01-09,0
1.1.1.6,0.0.0.4,316,9.50441510852,2017-01-09,0
1.1.1.0,0.0.0.2,399,18.061420213,2017-01-09,0
1.1.1.6,0.0.0.3,346,15.1403686377,2017-01-09,0
1.1.1.1,0.0.0.8,249,2.16539669919,2017-01-09,0
1.1.1.8,0.0.0.9,466,10.9494085653,2017-01-09,0
1.1.1.7,0.0.0.6,359,10.1229648609,2017-01-09,0
1.1.1.6,0.0.0.6,336,4.06581208673,2017-01-09,0
1.1.1.1,0.0.0.1,235,8.65908449716,2017-01-09,0
1.1.1.7,0.0.0.5,376,9.52034585811,2017-01-09,0
1.1.1.9,0.0.0.6,316,9.90057524119,2017-01-09,0
1.1.1.7,0.0.0.0,468,4.81457686771,2017-01-09,0
1.1.1.0,0.0.0.7,389,5.01811462104,2017-01-09,0
1.1.1.7,0.0.0.1,460,7.50925487337,2017-01-09,0
1.1.1.6,0.0.0.2,378,21.6174605704,2017-01-09,0
1.1.1.1,0.0.0.4,245,2.39036211917,2017-01-09,0
1.1.1.3,0.0.0.1,279,19.007952158,2017-01-09,0
1.1.1.5,0.0.0.0,377,12.8328680969,2017-01-09,0
1.1.1.0,0.0.0.7,429,9.44137381837,2017-01-09,0
1.1.1.8,0.0.0.7,385,5.96824953464,2017-01-09,0
1.1.1.7,0.0.0.5,451,0.202285003126,2017-01-09,0
1.1.1.8,0.0.0.1,390,1.66350414658,2017-01-09,0
1.1.1.8,0.0.0.9,447,5.97480988517,2017-01-09,0
1.1.1.1,0.0.0.9,326,19.4394522819,2017-01-09,0
1.1.1.4,0.0.0.1,327,13.6557013332,2017-01-09,0
1.1.1.7,0.0.0.3,323,20.0212373639,2017-01-09,0
1.1.1.4,0.0.0.7,310,6.65564487331,2017-01-09,0
1.1.1.5,0.0.0.3,270,16.505745954,2017-01-09,0
1.1.1.8,0.0.0.1,464,19.6182237539,2017-01-09,0
1.1.1.3,0.0.0.8,466,4.92168692313,2017-01-09,0
1.1.1.8,0.0.0.7,207,9.8772975514,2017-01-09,0
1.1.1.0,0.0.0.9,363,13.0645881282,2017-01-09,0
1.1.1.3,0.0.0.1,266,4.93011356803,2017-01-09,0
1.1.1.2,0.0.0.6,369,23.2851568525,2017-01-09,0
1.1.1.9,0.0.0.8,462,15.3305072521,2017-01-09,0
1.1.1.9,0.0.0.0,334,2.39630520719,2017-01-09,0
1.1.1.0,0.0.0.4,368,12.0741953923,2017-01-09,0
1.1.1.9,0.0.0.7,354,17.7814525271,2017-01-09,1
1.1.1.9,0.0.0.2,424,0.128272511052,2017-01-09,1
1.1.1.1,0.0.0.1,233,15.7122997478,2017-01-09,1
1.1.1.0,0.0.0.4,355,1.81985626757,2017-01-09,1
1.1.1.5,0.0.0.4,318,19.8699332518,2017-01-09,1
2.2.2.0,0.0.0.3,221,18.491771792,2017-01-09,1
2.2.2.0,0.0.0.0,216,18.738456617,2017-01-09,1
2.2.2.4,0.0.0.4,458,18.9551197912,2017-01-09,1
2.2.2.3,0.0.0.8,302,18.6631522152,2017-01-09,1
2.2.2.3,0.0.0.5,433,18.8358137578,2017-01-09,1
2.2.2.0,0.0.0.6,436,18.8594244912,2017-01-09,1
2.2.2.1,0.0.0.6,278,18.6578872063,2017-01-09,1
2.2.2.4,0.0.0.3,477,18.6071657778,2017-01-09,1
2.2.2.2,0.0.0.0,278,18.2594717036,2017-01-09,1
2.2.2.0,0.0.0.4,359,18.8993873705,2017-01-09,1
2.2.2.1,0.0.0.6,294,18.7638055349,2017-01-09,0
1.1.1.2,0.0.0.9,264,10.5998509328,2017-01-10,0
1.1.1.1,0.0.0.7,486,2.39143230841,2017-01-10,0
1.1.1.9,0.0.0.9,454,20.1797291177,2017-01-10,0
1.1.1.0,0.0.0.1,336,15.3036141049,2017-01-10,0
1.1.1.7,0.0.0.4,202,16.4416712989,2017-01-10,0
1.1.1.1,0.0.0.3,311,7.53068131987,2017-01-10,0
1.1.1.3,0.0.0.7,349,1.06615633272,2017-01-10,0
1.1.1.9,0.0.0.7,283,23.4920605781,2017-01-10,0
1.1.1.3,0.0.0.2,217,15.7937733517,2017-01-10,0
1.1.1.1,0.0.0.4,472,7.08732352522,2017-01-10,0
1.1.1.4,0.0.0.8,341,3.79702777871,2017-01-10,0
1.1.1.7,0.0.0.7,449,20.250783876,2017-01-10,0
1.1.1.2,0.0.0.6,393,6.17518334543,2017-01-10,0
1.1.1.4,0.0.0.7,242,19.3140439778,2017-01-10,0
1.1.1.2,0.0.0.8,403,14.8803733396,2017-01-10,0
1.1.1.2,0.0.0.3,445,3.75403682232,2017-01-10,0
1.1.1.9,0.0.0.7,283,10.9366118755,2017-01-10,0
1.1.1.9,0.0.0.7,415,8.86949884766,2017-01-10,0
1.1.1.3,0.0.0.5,335,4.67642323974,2017-01-10,0
1.1.1.6,0.0.0.5,429,18.3825819765,2017-01-10,0
1.1.1.7,0.0.0.5,251,4.37087336311,2017-01-10,0
1.1.1.4,0.0.0.6,352,8.87850329149,2017-01-10,0
1.1.1.6,0.0.0.3,322,17.2720705034,2017-01-10,0
1.1.1.9,0.0.0.9,474,17.7788835662,2017-01-10,0
1.1.1.3,0.0.0.3,400,7.22803314111,2017-01-10,0
1.1.1.1,0.0.0.4,433,18.3140272539,2017-01-10,0
1.1.1.1,0.0.0.5,278,5.44238175134,2017-01-10,0
1.1.1.1,0.0.0.1,476,2.88903480402,2017-01-10,0
1.1.1.4,0.0.0.0,294,4.78330121655,2017-01-10,0
1.1.1.5,0.0.0.6,208,5.60963061233,2017-01-10,0
1.1.1.9,0.0.0.3,347,19.0278306451,2017-01-10,0
1.1.1.7,0.0.0.4,477,8.20860337354,2017-01-10,0
1.1.1.3,0.0.0.5,484,22.9934444932,2017-01-10,0
1.1.1.2,0.0.0.9,277,13.9053103039,2017-01-10,0
1.1.1.9,0.0.0.3,416,8.69130954534,2017-01-10,0
1.1.1.2,0.0.0.8,382,1.2104383785,2017-01-10,0
1.1.1.5,0.0.0.2,402,4.62772854744,2017-01-10,0
1.1.1.1,0.0.0.0,202,9.03044467905,2017-01-10,0
1.1.1.9,0.0.0.2,273,4.09261198889,2017-01-10,0
1.1.1.6,0.0.0.5,201,5.75270099193,2017-01-10,0
1.1.1.7,0.0.0.1,219,6.89949749109,2017-01-10,0
1.1.1.7,0.0.0.6,441,12.1486067031,2017-01-10,0
1.1.1.3,0.0.0.3,327,6.75322405817,2017-01-10,0
1.1.1.1,0.0.0.8,290,18.6015205032,2017-01-10,0
1.1.1.8,0.0.0.4,333,7.68524382041,2017-01-10,0
1.1.1.4,0.0.0.0,437,8.46559181237,2017-01-10,0
1.1.1.4,0.0.0.5,223,14.5520800628,2017-01-10,0
1.1.1.7,0.0.0.8,276,15.1848953859,2017-01-10,0
1.1.1.9,0.0.0.3,400,22.3923877083,2017-01-10,0
1.1.1.6,0.0.0.5,224,7.23126651002,2017-01-10,0
1.1.1.8,0.0.0.4,214,15.6772588846,2017-01-10,1
1.1.1.8,0.0.0.1,255,1.17374855304,2017-01-10,1
1.1.1.4,0.0.0.0,426,4.74914908557,2017-01-10,1
1.1.1.5,0.0.0.7,482,14.041937421,2017-01-10,1
1.1.1.3,0.0.0.4,360,19.5962725216,2017-01-10,1
2.2.2.2,0.0.0.9,311,18.9854543651,2017-01-10,1
2.2.2.1,0.0.0.4,341,18.4463828717,2017-01-10,1
2.2.2.1,0.0.0.6,347,18.4368379357,2017-01-10,1
2.2.2.2,0.0.0.5,359,18.6165975297,2017-01-10,1
2.2.2.0,0.0.0.3,276,18.7714205712,2017-01-10,1
2.2.2.2,0.0.0.0,210,18.9939022132,2017-01-10,1
2.2.2.2,0.0.0.7,294,18.8122484383,2017-01-10,1
2.2.2.4,0.0.0.0,363,18.2295032933,2017-01-10,1
2.2.2.2,0.0.0.8,283,18.395458069,2017-01-10,1
2.2.2.3,0.0.0.8,396,18.2729300463,2017-01-10,1
2.2.2.1,0.0.0.4,498,18.8638839398,2017-01-10,0
1.1.1.4,0.0.0.0,211,10.7338041944,2017-01-11,0
1.1.1.7,0.0.0.2,234,23.8729126851,2017-01-11,0
1.1.1.6,0.0.0.3,339,11.1379795398,2017-01-11,0
1.1.1.9,0.0.0.8,289,17.4347871435,2017-01-11,0
1.1.1.4,0.0.0.0,252,10.975318103,2017-01-11,0
1.1.1.7,0.0.0.8,301,13.1049832098,2017-01-11,0
1.1.1.0,0.0.0.9,439,15.6438935855,2017-01-11,0
1.1.1.1,0.0.0.9,486,18.2510321191,2017-01-11,0
1.1.1.1,0.0.0.8,385,17.8874147409,2017-01-11,0
1.1.1.5,0.0.0.1,342,21.5210445468,2017-01-11,0
1.1.1.4,0.0.0.9,304,16.3447596288,2017-01-11,0
1.1.1.4,0.0.0.5,444,23.5401758425,2017-01-11,0
1.1.1.3,0.0.0.9,243,13.3215242917,2017-01-11,0
1.1.1.8,0.0.0.3,347,10.9127107373,2017-01-11,0
1.1.1.1,0.0.0.7,394,1.15600858263,2017-01-11,0
1.1.1.5,0.0.0.8,387,6.72505309865,2017-01-11,0
1.1.1.5,0.0.0.4,421,11.3095318814,2017-01-11,0
1.1.1.7,0.0.0.0,498,11.7959513011,2017-01-11,0
1.1.1.7,0.0.0.4,433,23.0093378649,2017-01-11,0
1.1.1.5,0.0.0.2,441,4.69793657531,2017-01-11,0
1.1.1.5,0.0.0.1,277,20.0563820132,2017-01-11,0
1.1.1.5,0.0.0.8,444,0.421924556947,2017-01-11,0
1.1.1.3,0.0.0.4,293,11.9389441896,2017-01-11,0
1.1.1.8,0.0.0.8,354,1.9002851199,2017-01-11,0
1.1.1.8,0.0.0.9,488,19.6672165023,2017-01-11,0
1.1.1.0,0.0.0.9,330,16.38441113,2017-01-11,0
1.1.1.4,0.0.0.3,493,9.81376206726,2017-01-11,0
1.1.1.1,0.0.0.6,383,13.3311073727,2017-01-11,0
1.1.1.8,0.0.0.6,233,3.05219407711,2017-01-11,0
1.1.1.7,0.0.0.1,326,0.931263747579,2017-01-11,0
1.1.1.0,0.0.0.3,415,13.3762224607,2017-01-11,0
1.1.1.9,0.0.0.7,226,7.02018643153,2017-01-11,0
1.1.1.9,0.0.0.8,352,7.8123357413,2017-01-11,0
1.1.1.2,0.0.0.5,257,16.011475841,2017-01-11,0
1.1.1.3,0.0.0.4,255,18.1609912652,2017-01-11,0
1.1.1.6,0.0.0.4,382,16.9408291422,2017-01-11,0
1.1.1.7,0.0.0.9,448,10.8169661403,2017-01-11,0
1.1.1.9,0.0.0.3,394,7.28166768136,2017-01-11,0
1.1.1.6,0.0.0.1,346,10.8933770452,2017-01-11,0
1.1.1.7,0.0.0.1,214,3.54155166257,2017-01-11,0
1.1.1.9,0.0.0.6,391,15.0484625085,2017-01-11,0
1.1.1.2,0.0.0.5,229,3.16876349684,2017-01-11,0
1.1.1.5,0.0.0.3,327,2.77649423638,2017-01-11,0
1.1.1.1,0.0.0.9,293,22.0869351878,2017-01-11,0
1.1.1.9,0.0.0.5,331,5.94075353586,2017-01-11,0
1.1.1.1,0.0.0.6,241,21.3673520445,2017-01-11,0
1.1.1.2,0.0.0.4,402,16.1516387877,2017-01-11,0
1.1.1.7,0.0.0.2,295,4.9311230535,2017-01-11,0
1.1.1.5,0.0.0.6,498,13.8406407732,2017-01-11,0
1.1.1.7,0.0.0.5,370,23.1890129888,2017-01-11,0
1.1.1.7,0.0.0.8,413,1.19957138483,2017-01-11,1
1.1.1.8,0.0.0.3,318,14.806445709,2017-01-11,1
1.1.1.8,0.0.0.0,201,8.18568453555,2017-01-11,1
1.1.1.9,0.0.0.1,218,0.395917651008,2017-01-11,1
1.1.1.0,0.0.0.0,302,0.553910955312,2017-01-11,1
2.2.2.2,0.0.0.5,223,18.0916859936,2017-01-11,1
2.2.2.2,0.0.0.7,403,18.6576381552,2017-01-11,1
2.2.2.4,0.0.0.4,461,18.281562447,2017-01-11,1
2.2.2.4,0.0.0.6,213,18.2629940532,2017-01-11,1
2.2.2.2,0.0.0.5,368,18.9456630417,2017-01-11,1
2.2.2.4,0.0.0.4,287,18.4853995667,2017-01-11,1
2.2.2.2,0.0.0.6,238,18.6546878694,2017-01-11,1
2.2.2.0,0.0.0.4,443,18.5665651938,2017-01-11,1
2.2.2.0,0.0.0.8,218,18.0528197213,2017-01-11,1
2.2.2.3,0.0.0.0,440,18.4338066971,2017-01-11,1
2.2.2.4,0.0.0.9,471,18.8506973019,2017-01-11,0
1.1.1.6,0.0.0.2,405,9.82375892765,2017-01-12,0
1.1.1.9,0.0.0.6,379,21.0264246711,2017-01-12,0
1.1.1.3,0.0.0.6,445,9.02539037667,2017-01-12,0
1.1.1.2,0.0.0.2,461,11.3699636367,2017-01-12,0
1.1.1.2,0.0.0.9,490,16.7299302998,2017-01-12,0
1.1.1.9,0.0.0.6,341,2.98723380009,2017-01-12,0
1.1.1.3,0.0.0.9,201,12.0417556206,2017-01-12,0
1.1.1.2,0.0.0.9,314,5.61683099305,2017-01-12,0
1.1.1.4,0.0.0.9,323,6.1606037728,2017-01-12,0
1.1.1.5,0.0.0.1,355,2.34133149715,2017-01-12,0
1.1.1.1,0.0.0.3,384,17.2401691265,2017-01-12,0
1.1.1.6,0.0.0.8,207,13.9152211717,2017-01-12,0
1.1.1.5,0.0.0.6,494,15.669417159,2017-01-12,0
1.1.1.6,0.0.0.3,260,5.78550639942,2017-01-12,0
1.1.1.0,0.0.0.7,417,6.12166029794,2017-01-12,0
1.1.1.6,0.0.0.6,348,0.786773460837,2017-01-12,0
1.1.1.5,0.0.0.2,428,21.8672071746,2017-01-12,0
1.1.1.3,0.0.0.0,468,12.719226304,2017-01-12,0
1.1.1.5,0.0.0.3,423,21.3091766398,2017-01-12,0
1.1.1.6,0.0.0.7,339,0.388363399242,2017-01-12,0
1.1.1.5,0.0.0.7,415,6.80621402588,2017-01-12,0
1.1.1.5,0.0.0.2,475,2.16979379617,2017-01-12,0
1.1.1.5,0.0.0.4,304,13.4394121021,2017-01-12,0
1.1.1.6,0.0.0.5,348,0.974297223156,2017-01-12,0
1.1.1.8,0.0.0.0,455,12.7066614947,2017-01-12,0
1.1.1.8,0.0.0.1,351,7.46757740783,2017-01-12,0
1.1.1.2,0.0.0.5,378,1.54531529638,2017-01-12,0
1.1.1.8,0.0.0.2,331,14.0944116221,2017-01-12,0
1.1.1.7,0.0.0.6,208,12.5708059199,2017-01-12,0
1.1.1.8,0.0.0.8,480,20.5808783783,2017-01-12,0
1.1.1.3,0.0.0.7,246,7.49388573442,2017-01-12,0
1.1.1.2,0.0.0.7,277,22.0344591655,2017-01-12,0
1.1.1.1,0.0.0.3,276,10.1160344662,2017-01-12,0
1.1.1.9,0.0.0.1,314,9.76647401935,2017-01-12,0
1.1.1.2,0.0.0.0,400,18.6108540854,2017-01-12,0
1.1.1.2,0.0.0.4,365,6.6235204129,2017-01-12,0
1.1.1.8,0.0.0.0,226,15.841256984,2017-01-12,0
1.1.1.7,0.0.0.1,244,8.49420696539,2017-01-12,0
1.1.1.9,0.0.0.6,211,23.0269847918,2017-01-12,0
1.1.1.4,0.0.0.7,232,2.63922262626,2017-01-12,0
1.1.1.0,0.0.0.9,322,15.5755397258,2017-01-12,0
1.1.1.9,0.0.0.0,203,12.1838607876,2017-01-12,0
1.1.1.2,0.0.0.1,464,7.56165670795,2017-01-12,0
1.1.1.4,0.0.0.6,366,6.48703023952,2017-01-12,0
1.1.1.6,0.0.0.8,311,2.80598315558,2017-01-12,0
1.1.1.4,0.0.0.6,328,17.4055454407,2017-01-12,0
1.1.1.1,0.0.0.7,373,14.9727028186,2017-01-12,0
1.1.1.6,0.0.0.6,254,1.33119559695,2017-01-12,0
1.1.1.8,0.0.0.8,281,11.9803528723,2017-01-12,0
1.1.1.7,0.0.0.9,426,8.18956007974,2017-01-12,0
1.1.1.7,0.0.0.8,399,9.79996045773,2017-01-12,1
1.1.1.0,0.0.0.2,231,22.8849197957,2017-01-12,1
1.1.1.8,0.0.0.9,353,19.3088121773,2017-01-12,1
1.1.1.3,0.0.0.3,471,1.99582534253,2017-01-12,1
1.1.1.6,0.0.0.5,473,0.993322199278,2017-01-12,1
2.2.2.3,0.0.0.5,284,18.5636781583,2017-01-12,1
2.2.2.1,0.0.0.0,463,18.8646615826,2017-01-12,1
2.2.2.2,0.0.0.9,237,18.3431451342,2017-01-12,1
2.2.2.2,0.0.0.2,276,18.2634055697,2017-01-12,1
2.2.2.2,0.0.0.7,454,18.202371657,2017-01-12,1
2.2.2.1,0.0.0.2,271,18.4088830775,2017-01-12,1
2.2.2.0,0.0.0.0,234,18.6430682708,2017-01-12,1
2.2.2.0,0.0.0.6,216,18.9134665034,2017-01-12,1
2.2.2.0,0.0.0.4,329,18.6906387225,2017-01-12,1
2.2.2.0,0.0.0.9,486,18.163853023,2017-01-12,1
2.2.2.2,0.0.0.0,350,18.275132058,2017-01-12,0
1.1.1.2,0.0.0.9,404,1.09169224269,2017-01-13,0
1.1.1.3,0.0.0.1,333,5.16077707738,2017-01-13,0
1.1.1.5,0.0.0.2,487,19.6263999231,2017-01-13,0
1.1.1.5,0.0.0.3,364,10.9377028029,2017-01-13,0
1.1.1.8,0.0.0.9,488,3.66468132953,2017-01-13,0
1.1.1.5,0.0.0.1,340,12.9915153018,2017-01-13,0
1.1.1.2,0.0.0.4,307,3.68779609422,2017-01-13,0
1.1.1.9,0.0.0.9,483,1.38363084202,2017-01-13,0
1.1.1.4,0.0.0.1,310,10.7364835909,2017-01-13,0
1.1.1.4,0.0.0.6,229,10.9221652534,2017-01-13,0
1.1.1.3,0.0.0.7,385,23.9535499179,2017-01-13,0
1.1.1.8,0.0.0.3,328,7.28594311925,2017-01-13,0
1.1.1.6,0.0.0.4,324,6.11437962091,2017-01-13,0
1.1.1.8,0.0.0.5,414,7.18556910093,2017-01-13,0
1.1.1.7,0.0.0.6,336,4.97688671297,2017-01-13,0
1.1.1.1,0.0.0.0,493,8.28099046664,2017-01-13,0
1.1.1.8,0.0.0.2,404,17.9267578416,2017-01-13,0
1.1.1.4,0.0.0.2,381,11.249157291,2017-01-13,0
1.1.1.3,0.0.0.2,319,13.8893286233,2017-01-13,0
1.1.1.1,0.0.0.9,325,14.3618223704,2017-01-13,0
1.1.1.2,0.0.0.1,265,1.6556252545,2017-01-13,0
1.1.1.9,0.0.0.7,253,19.816700974,2017-01-13,0
1.1.1.1,0.0.0.9,409,13.483856149,2017-01-13,0
1.1.1.1,0.0.0.9,230,9.15240390049,2017-01-13,0
1.1.1.9,0.0.0.7,430,12.2445589156,2017-01-13,0
1.1.1.6,0.0.0.2,249,10.8597668266,2017-01-13,0
1.1.1.7,0.0.0.6,264,22.6657102324,2017-01-13,0
1.1.1.5,0.0.0.4,337,22.6810469458,2017-01-13,0
1.1.1.4,0.0.0.7,240,12.5041459785,2017-01-13,0
1.1.1.4,0.0.0.8,366,1.86785006528,2017-01-13,0
1.1.1.3,0.0.0.8,254,8.96284456568,2017-01-13,0
1.1.1.3,0.0.0.2,466,14.4514699994,2017-01-13,0
1.1.1.8,0.0.0.8,440,18.9119698549,2017-01-13,0
1.1.1.7,0.0.0.8,298,23.8348972467,2017-01-13,0
1.1.1.5,0.0.0.9,473,12.8284907061,2017-01-13,0
1.1.1.3,0.0.0.4,254,19.157938813,2017-01-13,0
1.1.1.5,0.0.0.3,484,8.38221200221,2017-01-13,0
1.1.1.3,0.0.0.8,300,11.6967417507,2017-01-13,0
1.1.1.1,0.0.0.8,310,20.0694983344,2017-01-13,0
1.1.1.1,0.0.0.2,239,20.2530266683,2017-01-13,0
1.1.1.2,0.0.0.6,220,12.1606607836,2017-01-13,0
1.1.1.6,0.0.0.2,486,21.4394128732,2017-01-13,0
1.1.1.7,0.0.0.2,265,15.9860708914,2017-01-13,0
1.1.1.4,0.0.0.6,358,7.99765441303,2017-01-13,0
1.1.1.4,0.0.0.4,329,8.59683835123,2017-01-13,0
1.1.1.1,0.0.0.8,262,20.9322880187,2017-01-13,0
1.1.1.8,0.0.0.0,461,3.89860495798,2017-01-13,0
1.1.1.3,0.0.0.3,437,5.76652225874,2017-01-13,0
1.1.1.3,0.0.0.8,468,3.71784647431,2017-01-13,0
1.1.1.1,0.0.0.7,402,2.77626416634,2017-01-13,0
1.1.1.8,0.0.0.3,253,3.79038781706,2017-01-13,1
1.1.1.5,0.0.0.9,364,13.0283173984,2017-01-13,1
1.1.1.9,0.0.0.6,318,17.2976961905,2017-01-13,1
1.1.1.7,0.0.0.8,460,6.09879810621,2017-01-13,1
1.1.1.5,0.0.0.3,376,13.5350984712,2017-01-13,1
2.2.2.2,0.0.0.5,442,18.3937885185,2017-01-13,1
2.2.2.4,0.0.0.2,212,18.228585651,2017-01-13,1
2.2.2.4,0.0.0.7,493,18.2619755902,2017-01-13,1
2.2.2.4,0.0.0.1,394,18.9998066075,2017-01-13,1
2.2.2.0,0.0.0.2,445,18.025792149,2017-01-13,1
2.2.2.1,0.0.0.4,452,18.3522790809,2017-01-13,1
2.2.2.0,0.0.0.5,365,18.122986444,2017-01-13,1
2.2.2.0,0.0.0.3,362,18.2710412458,2017-01-13,1
2.2.2.0,0.0.0.3,397,18.2843011524,2017-01-13,1
2.2.2.1,0.0.0.0,342,18.4508479155,2017-01-13,1
2.2.2.1,0.0.0.2,435,18.4493057456,2017-01-13,0
1.1.1.1,0.0.0.0,282,1.52829093215,2017-01-14,0
1.1.1.0,0.0.0.0,255,7.28162673549,2017-01-14,0
1.1.1.5,0.0.0.6,352,5.58598886059,2017-01-14,0
1.1.1.1,0.0.0.1,397,10.4153030506,2017-01-14,0
1.1.1.4,0.0.0.7,446,14.1845005659,2017-01-14,0
1.1.1.0,0.0.0.2,230,1.29740221439,2017-01-14,0
1.1.1.6,0.0.0.9,292,23.6295807211,2017-01-14,0
1.1.1.8,0.0.0.7,387,18.3591431418,2017-01-14,0
1.1.1.4,0.0.0.0,370,17.9208730449,2017-01-14,0
1.1.1.4,0.0.0.7,382,13.3968876788,2017-01-14,0
1.1.1.9,0.0.0.8,335,17.8502342915,2017-01-14,0
1.1.1.5,0.0.0.5,457,18.9977354174,2017-01-14,0
1.1.1.2,0.0.0.5,435,19.7192346965,2017-01-14,0
1.1.1.6,0.0.0.6,278,8.06167300384,2017-01-14,0
1.1.1.5,0.0.0.2,306,20.2864271627,2017-01-14,0
1.1.1.8,0.0.0.5,250,17.1934501116,2017-01-14,0
1.1.1.7,0.0.0.8,258,7.87446629542,2017-01-14,0
1.1.1.0,0.0.0.9,292,7.00374730329,2017-01-14,0
1.1.1.0,0.0.0.2,219,13.9874034217,2017-01-14,0
1.1.1.9,0.0.0.5,260,18.6522199893,2017-01-14,0
1.1.1.9,0.0.0.6,250,0.711292965264,2017-01-14,0
1.1.1.5,0.0.0.9,373,21.7871865052,2017-01-14,0
1.1.1.0,0.0.0.7,275,3.27862469315,2017-01-14,0
1.1.1.5,0.0.0.2,470,19.4867847298,2017-01-14,0
1.1.1.5,0.0.0.4,492,8.99786295091,2017-01-14,0
1.1.1.9,0.0.0.7,202,10.9241332925,2017-01-14,0
1.1.1.6,0.0.0.7,312,4.84445528688,2017-01-14,0
1.1.1.2,0.0.0.5,341,8.9358982959,2017-01-14,0
1.1.1.6,0.0.0.6,333,21.7170106613,2017-01-14,0
1.1.1.0,0.0.0.5,460,9.68203818986,2017-01-14,0
1.1.1.7,0.0.0.7,469,19.7412652433,2017-01-14,0
1.1.1.5,0.0.0.9,241,7.0533892163,2017-01-14,0
1.1.1.9,0.0.0.6,422,2.78004877509,2017-01-14,0
1.1.1.5,0.0.0.5,342,10.8737410236,2017-01-14,0
1.1.1.9,0.0.0.6,306,16.0616687441,2017-01-14,0
1.1.1.9,0.0.0.4,422,22.1980079168,2017-01-14,0
1.1.1.0,0.0.0.9,376,5.23576648629,2017-01-14,0
1.1.1.5,0.0.0.4,359,19.4425143282,2017-01-14,0
1.1.1.1,0.0.0.1,318,17.790104956,2017-01-14,0
1.1.1.8,0.0.0.5,356,17.7376600599,2017-01-14,0
1.1.1.3,0.0.0.2,447,15.5521596867,2017-01-14,0
1.1.1.9,0.0.0.6,479,15.1629825594,2017-01-14,0
1.1.1.7,0.0.0.3,475,22.5779678899,2017-01-14,0
1.1.1.4,0.0.0.0,447,2.91573168121,2017-01-14,0
1.1.1.7,0.0.0.0,424,8.35579832979,2017-01-14,0
1.1.1.1,0.0.0.3,350,8.37726968413,2017-01-14,0
1.1.1.4,0.0.0.8,248,14.3445312964,2017-01-14,0
1.1.1.7,0.0.0.5,287,13.9574362031,2017-01-14,0
1.1.1.0,0.0.0.5,281,10.5673498396,2017-01-14,0
1.1.1.7,0.0.0.7,354,11.2396977903,2017-01-14,0
1.1.1.4,0.0.0.4,332,15.4094337066,2017-01-14,1
1.1.1.2,0.0.0.7,489,15.3177702951,2017-01-14,1
1.1.1.1,0.0.0.8,217,15.6064908031,2017-01-14,1
1.1.1.6,0.0.0.4,392,10.0903198575,2017-01-14,1
1.1.1.1,0.0.0.4,305,19.0859156923,2017-01-14,1
2.2.2.0,0.0.0.4,294,18.7871883799,2017-01-14,1
2.2.2.3,0.0.0.3,246,18.3006242067,2017-01-14,1
2.2.2.4,0.0.0.0,385,18.8087464804,2017-01-14,1
2.2.2.4,0.0.0.2,406,18.6739362182,2017-01-14,1
2.2.2.0,0.0.0.6,372,18.1623463841,2017-01-14,1
2.2.2.2,0.0.0.8,358,18.6916938424,2017-01-14,1
2.2.2.3,0.0.0.9,451,18.9607605832,2017-01-14,1
2.2.2.1,0.0.0.3,357,18.7028884434,2017-01-14,1
2.2.2.0,0.0.0.3,475,18.335759506,2017-01-14,1
2.2.2.4,0.0.0.3,318,18.2752981016,2017-01-14,1
2.2.2.1,0.0.0.6,295,18.1061784278,2017-01-14,0
1.1.1.6,0.0.0.6,351,7.24212475451,2017-01-15,0
1.1.1.6,0.0.0.4,363,15.2493159576,2017-01-15,0
1.1.1.7,0.0.0.6,379,7.3836766957,2017-01-15,0
1.1.1.4,0.0.0.1,246,10.0519268352,2017-01-15,0
1.1.1.4,0.0.0.3,266,2.87970895947,2017-01-15,0
1.1.1.2,0.0.0.3,325,13.9222731524,2017-01-15,0
1.1.1.8,0.0.0.3,213,1.4100222626,2017-01-15,0
1.1.1.4,0.0.0.6,220,7.61249158718,2017-01-15,0
1.1.1.0,0.0.0.0,459,12.3560840271,2017-01-15,0
1.1.1.0,0.0.0.2,373,7.14402925028,2017-01-15,0
1.1.1.2,0.0.0.0,406,17.0303830958,2017-01-15,0
1.1.1.7,0.0.0.2,458,19.9811876489,2017-01-15,0
1.1.1.9,0.0.0.2,418,1.29687177513,2017-01-15,0
1.1.1.3,0.0.0.6,279,18.2492999349,2017-01-15,0
1.1.1.4,0.0.0.1,457,12.7610930759,2017-01-15,0
1.1.1.5,0.0.0.5,498,12.4062036162,2017-01-15,0
1.1.1.7,0.0.0.2,241,23.232698265,2017-01-15,0
1.1.1.0,0.0.0.2,441,4.56931997684,2017-01-15,0
1.1.1.5,0.0.0.0,487,7.90200207411,2017-01-15,0
1.1.1.8,0.0.0.4,411,15.0636955837,2017-01-15,0
1.1.1.8,0.0.0.8,410,13.7630047057,2017-01-15,0
1.1.1.0,0.0.0.9,387,17.3924953441,2017-01-15,0
1.1.1.5,0.0.0.6,466,18.1043083547,2017-01-15,0
1.1.1.9,0.0.0.6,235,19.6606422343,2017-01-15,0
1.1.1.5,0.0.0.2,401,19.9905835761,2017-01-15,0
1.1.1.2,0.0.0.2,328,17.7325626969,2017-01-15,0
1.1.1.1,0.0.0.0,360,9.40645976691,2017-01-15,0
1.1.1.3,0.0.0.1,272,9.91864360299,2017-01-15,0
1.1.1.1,0.0.0.8,344,17.6578548659,2017-01-15,0
1.1.1.7,0.0.0.1,249,12.5932345897,2017-01-15,0
1.1.1.4,0.0.0.1,235,10.5930963495,2017-01-15,0
1.1.1.4,0.0.0.4,373,22.5740094146,2017-01-15,0
1.1.1.9,0.0.0.0,386,6.54816351779,2017-01-15,0
1.1.1.5,0.0.0.5,477,19.6240115641,2017-01-15,0
1.1.1.9,0.0.0.8,284,21.3154922798,2017-01-15,0
1.1.1.7,0.0.0.6,386,11.1028517006,2017-01-15,0
1.1.1.4,0.0.0.1,437,2.17766764405,2017-01-15,0
1.1.1.8,0.0.0.1,448,5.62378121856,2017-01-15,0
1.1.1.9,0.0.0.7,459,11.0722397384,2017-01-15,0
1.1.1.9,0.0.0.8,315,2.30503401655,2017-01-15,0
1.1.1.8,0.0.0.1,389,6.99871226744,2017-01-15,0
1.1.1.2,0.0.0.9,494,11.8873045425,2017-01-15,0
1.1.1.1,0.0.0.5,363,12.1967580554,2017-01-15,0
1.1.1.8,0.0.0.5,276,20.4251694223,2017-01-15,0
1.1.1.5,0.0.0.4,422,15.2096545003,2017-01-15,0
1.1.1.8,0.0.0.0,328,6.54843742788,2017-01-15,0
1.1.1.2,0.0.0.6,214,10.6854866628,2017-01-15,0
1.1.1.3,0.0.0.3,497,3.66457165708,2017-01-15,0
1.1.1.5,0.0.0.8,346,6.35809466993,2017-01-15,0
1.1.1.3,0.0.0.8,425,13.8991300607,2017-01-15,0
1.1.1.3,0.0.0.3,204,7.88421998364,2017-01-15,1
1.1.1.4,0.0.0.3,453,15.2309240713,2017-01-15,1
1.1.1.7,0.0.0.1,227,10.4197187455,2017-01-15,1
1.1.1.2,0.0.0.4,207,0.731334996534,2017-01-15,1
1.1.1.3,0.0.0.4,433,1.61649206919,2017-01-15,1
2.2.2.4,0.0.0.9,255,18.1217548048,2017-01-15,1
2.2.2.2,0.0.0.6,423,18.6705862347,2017-01-15,1
2.2.2.2,0.0.0.6,304,18.0489323088,2017-01-15,1
2.2.2.3,0.0.0.3,388,18.0941535532,2017-01-15,1
2.2.2.1,0.0.0.3,391,18.7607808393,2017-01-15,1
2.2.2.4,0.0.0.9,340,18.4385290697,2017-01-15,1
2.2.2.1,0.0.0.2,360,18.8803926356,2017-01-15,1
2.2.2.0,0.0.0.8,283,18.6036208156,2017-01-15,1
2.2.2.4,0.0.0.7,356,18.3684091998,2017-01-15,1
2.2.2.3,0.0.0.8,450,18.8526331142,2017-01-15,1
2.2.2.3,0.0.0.2,255,18.8848260402,2017-01-15,0
1.1.1.6,0.0.0.9,357,0.67519693604,2017-01-16,0
1.1.1.6,0.0.0.0,321,4.3570469831,2017-01-16,0
1.1.1.3,0.0.0.5,381,19.3256355101,2017-01-16,0
1.1.1.1,0.0.0.3,359,2.82322673614,2017-01-16,0
1.1.1.9,0.0.0.2,203,20.5750804327,2017-01-16,0
1.1.1.6,0.0.0.9,451,13.7034137843,2017-01-16,0
1.1.1.5,0.0.0.5,434,15.1341895547,2017-01-16,0
1.1.1.8,0.0.0.2,255,16.9722843501,2017-01-16,0
1.1.1.8,0.0.0.3,296,19.8664068546,2017-01-16,0
1.1.1.2,0.0.0.6,390,1.18482141394,2017-01-16,0
1.1.1.8,0.0.0.5,393,8.5519005299,2017-01-16,0
1.1.1.7,0.0.0.0,236,2.22499966479,2017-01-16,0
1.1.1.9,0.0.0.6,493,14.8060645786,2017-01-16,0
1.1.1.7,0.0.0.8,239,3.57736676682,2017-01-16,0
1.1.1.6,0.0.0.2,275,17.4718796724,2017-01-16,0
1.1.1.9,0.0.0.8,278,10.566112767,2017-01-16,0
1.1.1.8,0.0.0.0,365,0.270915902447,2017-01-16,0
1.1.1.2,0.0.0.8,270,18.1627312163,2017-01-16,0
1.1.1.6,0.0.0.4,459,19.5756231179,2017-01-16,0
1.1.1.1,0.0.0.4,217,6.83142207251,2017-01-16,0
1.1.1.0,0.0.0.9,413,22.9592774784,2017-01-16,0
1.1.1.6,0.0.0.9,306,9.93808719668,2017-01-16,0
1.1.1.0,0.0.0.9,427,15.794671123,2017-01-16,0
1.1.1.6,0.0.0.1,478,6.24347830345,2017-01-16,0
1.1.1.6,0.0.0.9,365,16.3098295697,2017-01-16,0
1.1.1.7,0.0.0.7,311,12.258871495,2017-01-16,0
1.1.1.9,0.0.0.9,423,8.50376118022,2017-01-16,0
1.1.1.8,0.0.0.9,426,6.0085438987,2017-01-16,0
1.1.1.7,0.0.0.7,205,15.9367813857,2017-01-16,0
1.1.1.5,0.0.0.0,201,7.8412655289,2017-01-16,0
1.1.1.6,0.0.0.7,219,11.4489224922,2017-01-16,0
1.1.1.7,0.0.0.5,416,13.100804425,2017-01-16,0
1.1.1.2,0.0.0.5,347,18.6726813085,2017-01-16,0
1.1.1.3,0.0.0.6,271,12.9202137888,2017-01-16,0
1.1.1.0,0.0.0.0,279,21.5138202335,2017-01-16,0
1.1.1.4,0.0.0.3,243,20.7666108147,2017-01-16,0
1.1.1.5,0.0.0.0,255,3.7320025611,2017-01-16,0
1.1.1.6,0.0.0.1,391,12.6542035253,2017-01-16,0
1.1.1.9,0.0.0.7,316,11.1523042247,2017-01-16,0
1.1.1.5,0.0.0.3,233,18.2847200725,2017-01-16,0
1.1.1.5,0.0.0.9,219,15.6192965763,2017-01-16,0
1.1.1.0,0.0.0.3,244,17.1711352849,2017-01-16,0
1.1.1.1,0.0.0.2,353,21.3980590696,2017-01-16,0
1.1.1.7,0.0.0.8,423,10.2681801953,2017-01-16,0
1.1.1.0,0.0.0.4,332,17.638882896,2017-01-16,0
1.1.1.6,0.0.0.1,208,23.6610403632,2017-01-16,0
1.1.1.1,0.0.0.9,458,4.39563741181,2017-01-16,0
1.1.1.0,0.0.0.4,312,22.5313618734,2017-01-16,0
1.1.1.3,0.0.0.6,311,23.3766247278,2017-01-16,0
1.1.1.4,0.0.0.2,327,23.5367402566,2017-01-16,0
1.1.1.7,0.0.0.6,422,4.22013346189,2017-01-16,1
1.1.1.5,0.0.0.3,483,1.71869430651,2017-01-16,1
1.1.1.5,0.0.0.8,325,11.3875129857,2017-01-16,1
1.1.1.9,0.0.0.4,366,22.2259320922,2017-01-16,1
1.1.1.8,0.0.0.3,487,3.20071449527,2017-01-16,1
2.2.2.4,0.0.0.6,287,18.9095469385,2017-01-16,1
2.2.2.0,0.0.0.1,351,18.0113658613,2017-01-16,1
2.2.2.3,0.0.0.5,381,18.1897956577,2017-01-16,1
2.2.2.2,0.0.0.0,475,18.7389240677,2017-01-16,1
2.2.2.4,0.0.0.1,264,18.8142435053,2017-01-16,1
2.2.2.1,0.0.0.0,464,18.1443363051,2017-01-16,1
2.2.2.3,0.0.0.1,489,18.8973758308,2017-01-16,1
2.2.2.2,0.0.0.8,241,18.3321317336,2017-01-16,1
2.2.2.1,0.0.0.7,328,18.0717162639,2017-01-16,1
2.2.2.0,0.0.0.7,465,18.6769826203,2017-01-16,1
2.2.2.1,0.0.0.4,221,18.513306749,2017-01-16,0
1.1.1.8,0.0.0.2,471,1.24585387737,2017-01-17,0
1.1.1.1,0.0.0.4,399,8.41328238146,2017-01-17,0
1.1.1.3,0.0.0.4,348,20.0939360269,2017-01-17,0
1.1.1.1,0.0.0.2,305,13.8758443524,2017-01-17,0
1.1.1.0,0.0.0.6,294,7.4957263885,2017-01-17,0
1.1.1.7,0.0.0.7,379,16.3957104032,2017-01-17,0
1.1.1.0,0.0.0.8,385,1.06714342329,2017-01-17,0
1.1.1.4,0.0.0.1,232,3.56569929583,2017-01-17,0
1.1.1.0,0.0.0.7,350,11.5179685994,2017-01-17,0
1.1.1.3,0.0.0.2,404,11.3906104088,2017-01-17,0
1.1.1.9,0.0.0.3,400,1.39803491349,2017-01-17,0
1.1.1.9,0.0.0.1,303,14.9466391773,2017-01-17,0
1.1.1.1,0.0.0.2,459,19.4186577391,2017-01-17,0
1.1.1.4,0.0.0.7,260,19.8755894752,2017-01-17,0
1.1.1.2,0.0.0.5,417,2.82466779061,2017-01-17,0
1.1.1.6,0.0.0.1,398,19.7964481409,2017-01-17,0
1.1.1.5,0.0.0.0,356,5.6194628275,2017-01-17,0
1.1.1.2,0.0.0.1,239,20.4854107418,2017-01-17,0
1.1.1.9,0.0.0.4,260,23.4944355314,2017-01-17,0
1.1.1.1,0.0.0.7,378,5.96865709068,2017-01-17,0
1.1.1.8,0.0.0.4,311,6.80118593929,2017-01-17,0
1.1.1.4,0.0.0.5,297,12.0805753031,2017-01-17,0
1.1.1.5,0.0.0.6,389,21.9617757683,2017-01-17,0
1.1.1.5,0.0.0.8,369,14.6892747355,2017-01-17,0
1.1.1.8,0.0.0.2,436,21.6701611545,2017-01-17,0
1.1.1.3,0.0.0.4,350,3.73414889777,2017-01-17,0
1.1.1.9,0.0.0.8,397,21.220242788,2017-01-17,0
1.1.1.1,0.0.0.1,214,22.21234955,2017-01-17,0
1.1.1.7,0.0.0.7,399,23.6043098181,2017-01-17,0
1.1.1.8,0.0.0.0,251,8.84802783482,2017-01-17,0
1.1.1.3,0.0.0.0,289,18.2382103438,2017-01-17,0
1.1.1.5,0.0.0.7,273,19.2648211463,2017-01-17,0
1.1.1.3,0.0.0.9,476,5.68264119794,2017-01-17,0
1.1.1.7,0.0.0.3,286,22.4356104907,2017-01-17,0
1.1.1.9,0.0.0.8,207,21.4675318082,2017-01-17,0
1.1.1.9,0.0.0.3,233,6.30376072155,2017-01-17,0
1.1.1.3,0.0.0.6,396,22.8707587019,2017-01-17,0
1.1.1.8,0.0.0.8,389,17.3133251238,2017-01-17,0
1.1.1.9,0.0.0.3,238,10.371367509,2017-01-17,0
1.1.1.7,0.0.0.7,280,3.66262723216,2017-01-17,0
1.1.1.7,0.0.0.2,212,1.68165406467,2017-01-17,0
1.1.1.5,0.0.0.1,405,22.5482074868,2017-01-17,0
1.1.1.9,0.0.0.4,245,17.3566903257,2017-01-17,0
1.1.1.4,0.0.0.0,306,5.77153489679,2017-01-17,0
1.1.1.0,0.0.0.8,282,11.5333503438,2017-01-17,0
1.1.1.1,0.0.0.7,417,7.58003457187,2017-01-17,0
1.1.1.5,0.0.0.6,396,4.60662190628,2017-01-17,0
1.1.1.2,0.0.0.3,488,13.4751666685,2017-01-17,0
1.1.1.7,0.0.0.5,313,20.5904023612,2017-01-17,0
1.1.1.7,0.0.0.4,427,19.3150963351,2017-01-17,0
1.1.1.3,0.0.0.0,241,23.6159331913,2017-01-17,1
1.1.1.7,0.0.0.5,230,15.5987927251,2017-01-17,1
1.1.1.7,0.0.0.7,263,2.930978199,2017-01-17,1
1.1.1.6,0.0.0.8,385,0.745342501448,2017-01-17,1
1.1.1.6,0.0.0.0,495,2.67935316606,2017-01-17,1
2.2.2.0,0.0.0.2,428,18.5652523084,2017-01-17,1
2.2.2.4,0.0.0.8,249,18.4319764407,2017-01-17,1
2.2.2.2,0.0.0.7,207,18.4779216344,2017-01-17,1
2.2.2.4,0.0.0.5,357,18.1217403496,2017-01-17,1
2.2.2.3,0.0.0.5,409,18.4827918719,2017-01-17,1
2.2.2.0,0.0.0.8,415,18.9045786899,2017-01-17,1
2.2.2.2,0.0.0.3,204,18.2756388219,2017-01-17,1
2.2.2.1,0.0.0.1,482,18.7396202127,2017-01-17,1
2.2.2.1,0.0.0.3,366,18.1590893007,2017-01-17,1
2.2.2.2,0.0.0.2,339,18.3266524593,2017-01-17,1
2.2.2.2,0.0.0.2,306,18.7883814115,2017-01-17,0
1.1.1.3,0.0.0.1,274,23.4267234769,2017-01-18,0
1.1.1.5,0.0.0.1,351,14.1440772621,2017-01-18,0
1.1.1.6,0.0.0.6,429,21.3316804204,2017-01-18,0
1.1.1.2,0.0.0.8,233,14.9796438618,2017-01-18,0
1.1.1.6,0.0.0.3,486,8.67407828149,2017-01-18,0
1.1.1.5,0.0.0.5,379,0.40953397429,2017-01-18,0
1.1.1.5,0.0.0.0,485,12.0131264199,2017-01-18,0
1.1.1.4,0.0.0.5,443,23.2224091812,2017-01-18,0
1.1.1.6,0.0.0.5,488,10.245928885,2017-01-18,0
1.1.1.3,0.0.0.4,355,17.5719912082,2017-01-18,0
1.1.1.0,0.0.0.5,420,1.94975070684,2017-01-18,0
1.1.1.0,0.0.0.7,456,5.85036464033,2017-01-18,0
1.1.1.8,0.0.0.3,281,9.73891964585,2017-01-18,0
1.1.1.3,0.0.0.4,416,1.62022830816,2017-01-18,0
1.1.1.9,0.0.0.0,351,5.67245521865,2017-01-18,0
1.1.1.0,0.0.0.2,399,3.55902570907,2017-01-18,0
1.1.1.6,0.0.0.9,309,10.1299011678,2017-01-18,0
1.1.1.7,0.0.0.8,222,6.05763845157,2017-01-18,0
1.1.1.6,0.0.0.7,261,15.2241740664,2017-01-18,0
1.1.1.4,0.0.0.1,410,5.31926616737,2017-01-18,0
1.1.1.6,0.0.0.6,203,3.50007955708,2017-01-18,0
1.1.1.1,0.0.0.4,263,16.1835991126,2017-01-18,0
1.1.1.1,0.0.0.6,316,19.8113196291,2017-01-18,0
1.1.1.0,0.0.0.4,265,4.51732583678,2017-01-18,0
1.1.1.7,0.0.0.3,479,20.2038108951,2017-01-18,0
1.1.1.1,0.0.0.4,200,15.8716738704,2017-01-18,0
1.1.1.0,0.0.0.5,392,21.4379001079,2017-01-18,0
1.1.1.6,0.0.0.3,328,0.471469562862,2017-01-18,0
1.1.1.3,0.0.0.7,341,17.2203343261,2017-01-18,0
1.1.1.5,0.0.0.0,203,6.32293117438,2017-01-18,0
1.1.1.7,0.0.0.6,486,11.9600745874,2017-01-18,0
1.1.1.7,0.0.0.7,212,11.3030729525,2017-01-18,0
1.1.1.0,0.0.0.5,470,17.2604528561,2017-01-18,0
1.1.1.8,0.0.0.6,202,22.9150972133,2017-01-18,0
1.1.1.2,0.0.0.9,426,15.9872262467,2017-01-18,0
1.1.1.3,0.0.0.1,469,23.9055020301,2017-01-18,0
1.1.1.6,0.0.0.4,205,6.42293802283,2017-01-18,0
1.1.1.4,0.0.0.0,345,2.06257923032,2017-01-18,0
1.1.1.1,0.0.0.0,308,19.5769876394,2017-01-18,0
1.1.1.1,0.0.0.2,446,2.26412616355,2017-01-18,0
1.1.1.5,0.0.0.8,442,13.6864241061,2017-01-18,0
1.1.1.3,0.0.0.1,269,0.277234990755,2017-01-18,0
1.1.1.6,0.0.0.8,497,23.7243641561,2017-01-18,0
1.1.1.0,0.0.0.5,334,21.1736142434,2017-01-18,0
1.1.1.1,0.0.0.9,278,6.84553858462,2017-01-18,0
1.1.1.3,0.0.0.4,343,0.393691412573,2017-01-18,0
1.1.1.6,0.0.0.3,439,17.8664577221,2017-01-18,0
1.1.1.7,0.0.0.0,263,4.24568599791,2017-01-18,0
1.1.1.9,0.0.0.0,330,0.323257125511,2017-01-18,0
1.1.1.8,0.0.0.1,495,0.695575769207,2017-01-18,0
1.1.1.2,0.0.0.2,220,4.10863635861,2017-01-18,1
1.1.1.6,0.0.0.3,274,9.34283461046,2017-01-18,1
1.1.1.3,0.0.0.4,337,17.6485686277,2017-01-18,1
1.1.1.1,0.0.0.3,255,23.0783112996,2017-01-18,1
1.1.1.1,0.0.0.0,379,12.4856114926,2017-01-18,1
2.2.2.2,0.0.0.9,261,18.8419780268,2017-01-18,1
2.2.2.2,0.0.0.4,457,18.1564715674,2017-01-18,1
2.2.2.2,0.0.0.2,269,18.5425950892,2017-01-18,1
2.2.2.1,0.0.0.5,265,18.4014229706,2017-01-18,1
2.2.2.3,0.0.0.7,463,18.9011526569,2017-01-18,1
2.2.2.1,0.0.0.8,203,18.4238754182,2017-01-18,1
2.2.2.3,0.0.0.0,323,18.1112801395,2017-01-18,1
2.2.2.4,0.0.0.5,255,18.0296518326,2017-01-18,1
2.2.2.3,0.0.0.4,339,18.0537941815,2017-01-18,1
2.2.2.3,0.0.0.4,233,18.1800391991,2017-01-18,1
2.2.2.0,0.0.0.1,461,18.9344935777,2017-01-18,0
1.1.1.2,0.0.0.4,261,8.18671303302,2017-01-19,0
1.1.1.2,0.0.0.1,444,16.8186261559,2017-01-19,0
1.1.1.4,0.0.0.6,281,17.2338817209,2017-01-19,0
1.1.1.2,0.0.0.5,257,11.3619725818,2017-01-19,0
1.1.1.3,0.0.0.9,234,2.16748586633,2017-01-19,0
1.1.1.2,0.0.0.4,411,17.0416276674,2017-01-19,0
1.1.1.0,0.0.0.6,444,1.46627831733,2017-01-19,0
1.1.1.8,0.0.0.8,359,14.2577547,2017-01-19,0
1.1.1.8,0.0.0.6,452,9.49969887122,2017-01-19,0
1.1.1.4,0.0.0.1,469,16.5385831269,2017-01-19,0
1.1.1.8,0.0.0.6,457,22.185412544,2017-01-19,0
1.1.1.4,0.0.0.6,234,18.0393380713,2017-01-19,0
1.1.1.6,0.0.0.3,462,16.4945186499,2017-01-19,0
1.1.1.5,0.0.0.7,214,13.6407933139,2017-01-19,0
1.1.1.5,0.0.0.7,404,16.3701751405,2017-01-19,0
1.1.1.7,0.0.0.2,477,4.88831845628,2017-01-19,0
1.1.1.6,0.0.0.5,464,18.5526205775,2017-01-19,0
1.1.1.4,0.0.0.9,409,0.634478273709,2017-01-19,0
1.1.1.4,0.0.0.8,365,13.2644980685,2017-01-19,0
1.1.1.2,0.0.0.2,449,2.52362610754,2017-01-19,0
1.1.1.8,0.0.0.5,319,21.9130389064,2017-01-19,0
1.1.1.6,0.0.0.2,330,14.9590641456,2017-01-19,0
1.1.1.5,0.0.0.5,288,0.850560253055,2017-01-19,0
1.1.1.0,0.0.0.1,308,23.9061388399,2017-01-19,0
1.1.1.3,0.0.0.0,294,3.72459878341,2017-01-19,0
1.1.1.1,0.0.0.0,455,20.1670064823,2017-01-19,0
1.1.1.8,0.0.0.0,239,2.28544263807,2017-01-19,0
1.1.1.3,0.0.0.1,415,18.8636854271,2017-01-19,0
1.1.1.0,0.0.0.1,392,14.573030124,2017-01-19,0
1.1.1.2,0.0.0.3,240,8.48934699012,2017-01-19,0
1.1.1.4,0.0.0.2,233,8.91652911117,2017-01-19,0
1.1.1.3,0.0.0.9,418,6.6290836239,2017-01-19,0
1.1.1.1,0.0.0.0,449,18.3478735815,2017-01-19,0
1.1.1.3,0.0.0.9,240,1.51192526506,2017-01-19,0
1.1.1.2,0.0.0.6,356,0.0740680195946,2017-01-19,0
1.1.1.9,0.0.0.5,467,13.3688469143,2017-01-19,0
1.1.1.4,0.0.0.4,325,4.78265937212,2017-01-19,0
1.1.1.8,0.0.0.8,214,20.8342144507,2017-01-19,0
1.1.1.7,0.0.0.0,254,0.128203432766,2017-01-19,0
1.1.1.4,0.0.0.5,237,1.69150686027,2017-01-19,0
1.1.1.4,0.0.0.0,285,11.0336115284,2017-01-19,0
1.1.1.4,0.0.0.8,425,9.38964680537,2017-01-19,0
1.1.1.6,0.0.0.1,314,14.2105940966,2017-01-19,0
1.1.1.4,0.0.0.0,464,5.46326842085,2017-01-19,0
1.1.1.3,0.0.0.8,464,19.6996816274,2017-01-19,0
1.1.1.9,0.0.0.4,214,6.60518222814,2017-01-19,0
1.1.1.1,0.0.0.6,403,9.9121041329,2017-01-19,0
1.1.1.1,0.0.0.5,223,20.1954585516,2017-01-19,0
1.1.1.1,0.0.0.9,304,21.9498045331,2017-01-19,0
1.1.1.6,0.0.0.2,487,20.873497685,2017-01-19,0
1.1.1.3,0.0.0.1,357,21.7269027851,2017-01-19,1
1.1.1.8,0.0.0.6,279,2.20095792388,2017-01-19,1
1.1.1.0,0.0.0.0,484,10.2893264349,2017-01-19,1
1.1.1.3,0.0.0.1,440,3.718855244,2017-01-19,1
1.1.1.9,0.0.0.2,282,3.24245045638,2017-01-19,1
2.2.2.2,0.0.0.8,294,18.1208237239,2017-01-19,1
2.2.2.2,0.0.0.2,298,18.7178174995,2017-01-19,1
2.2.2.0,0.0.0.4,353,18.6996418093,2017-01-19,1
2.2.2.1,0.0.0.7,411,18.1800155952,2017-01-19,1
2.2.2.0,0.0.0.3,375,18.0925431976,2017-01-19,1
2.2.2.3,0.0.0.8,447,18.0927521264,2017-01-19,1
2.2.2.3,0.0.0.0,294,18.8194937219,2017-01-19,1
2.2.2.1,0.0.0.2,359,18.5229521243,2017-01-19,1
2.2.2.2,0.0.0.8,369,18.9459919381,2017-01-19,1
2.2.2.4,0.0.0.3,270,18.0049738218,2017-01-19,1
2.2.2.1,0.0.0.5,305,18.864757743,2017-01-19,0
1.1.1.6,0.0.0.6,404,21.8276117824,2017-01-20,0
1.1.1.6,0.0.0.6,205,13.5911163003,2017-01-20,0
1.1.1.5,0.0.0.4,292,12.4805987096,2017-01-20,0
1.1.1.9,0.0.0.6,475,13.1914672139,2017-01-20,0
1.1.1.9,0.0.0.7,378,16.3942379939,2017-01-20,0
1.1.1.9,0.0.0.1,201,6.57387447914,2017-01-20,0
1.1.1.3,0.0.0.4,306,11.9538610338,2017-01-20,0
1.1.1.6,0.0.0.2,433,20.9365646724,2017-01-20,0
1.1.1.7,0.0.0.3,373,9.62066853102,2017-01-20,0
1.1.1.3,0.0.0.0,355,11.2928145705,2017-01-20,0
1.1.1.8,0.0.0.4,247,6.97321858961,2017-01-20,0
1.1.1.4,0.0.0.1,337,10.0528736338,2017-01-20,0
1.1.1.6,0.0.0.5,245,1.41277097624,2017-01-20,0
1.1.1.5,0.0.0.2,428,10.2267524402,2017-01-20,0
1.1.1.7,0.0.0.5,360,8.87574478178,2017-01-20,0
1.1.1.8,0.0.0.1,419,3.99592660675,2017-01-20,0
1.1.1.0,0.0.0.9,262,17.5624087029,2017-01-20,0
1.1.1.5,0.0.0.9,335,6.36316460717,2017-01-20,0
1.1.1.9,0.0.0.8,252,6.89707724556,2017-01-20,0
1.1.1.6,0.0.0.7,486,20.1785389698,2017-01-20,0
1.1.1.4,0.0.0.4,226,19.8903241017,2017-01-20,0
1.1.1.6,0.0.0.7,409,9.69667746277,2017-01-20,0
1.1.1.0,0.0.0.6,257,4.07796788571,2017-01-20,0
1.1.1.1,0.0.0.4,275,5.14310926901,2017-01-20,0
1.1.1.8,0.0.0.3,368,16.3217693204,2017-01-20,0
1.1.1.9,0.0.0.4,270,9.31314607512,2017-01-20,0
1.1.1.5,0.0.0.8,271,12.0324252593,2017-01-20,0
1.1.1.7,0.0.0.4,209,10.9107107747,2017-01-20,0
1.1.1.0,0.0.0.3,385,16.8239372039,2017-01-20,0
1.1.1.0,0.0.0.1,327,1.2965412142,2017-01-20,0
1.1.1.3,0.0.0.6,221,18.0826605541,2017-01-20,0
1.1.1.1,0.0.0.9,278,17.8232548096,2017-01-20,0
1.1.1.0,0.0.0.5,477,20.7184939143,2017-01-20,0
1.1.1.9,0.0.0.4,338,3.85897790813,2017-01-20,0
1.1.1.8,0.0.0.2,221,8.83301666112,2017-01-20,0
1.1.1.4,0.0.0.2,266,18.3658907793,2017-01-20,0
1.1.1.6,0.0.0.1,200,21.758297468,2017-01-20,0
1.1.1.3,0.0.0.8,483,2.27356729384,2017-01-20,0
1.1.1.2,0.0.0.3,443,4.62512788834,2017-01-20,0
1.1.1.7,0.0.0.9,315,21.4044485068,2017-01-20,0
1.1.1.0,0.0.0.9,498,3.50770620792,2017-01-20,0
1.1.1.0,0.0.0.6,300,5.11540775296,2017-01-20,0
1.1.1.0,0.0.0.0,293,2.0827421066,2017-01-20,0
1.1.1.1,0.0.0.0,445,19.0356990959,2017-01-20,0
1.1.1.8,0.0.0.8,329,4.23809935837,2017-01-20,0
1.1.1.1,0.0.0.4,391,23.4116572734,2017-01-20,0
1.1.1.8,0.0.0.6,248,12.6529597379,2017-01-20,0
1.1.1.3,0.0.0.1,367,1.24363853542,2017-01-20,0
1.1.1.5,0.0.0.5,459,8.36694497571,2017-01-20,0
1.1.1.3,0.0.0.9,236,22.2631433742,2017-01-20,0
1.1.1.3,0.0.0.1,214,14.2328543756,2017-01-20,1
1.1.1.8,0.0.0.0,389,12.6683450227,2017-01-20,1
1.1.1.8,0.0.0.4,269,23.6664749584,2017-01-20,1
1.1.1.2,0.0.0.2,366,9.44840646592,2017-01-20,1
1.1.1.6,0.0.0.9,375,15.7901233658,2017-01-20,1
2.2.2.1,0.0.0.6,321,18.650669169,2017-01-20,1
2.2.2.0,0.0.0.4,344,18.2657426791,2017-01-20,1
2.2.2.1,0.0.0.2,411,18.7190070688,2017-01-20,1
2.2.2.4,0.0.0.9,208,18.0636811653,2017-01-20,1
2.2.2.3,0.0.0.2,377,18.348287491,2017-01-20,1
2.2.2.2,0.0.0.5,313,18.7801802321,2017-01-20,1
2.2.2.2,0.0.0.7,286,18.6465439326,2017-01-20,1
2.2.2.4,0.0.0.3,379,18.7181518155,2017-01-20,1
2.2.2.2,0.0.0.1,498,18.4642254922,2017-01-20,1
2.2.2.1,0.0.0.2,306,18.4299706867,2017-01-20,1
2.2.2.3,0.0.0.5,310,18.767524721,2017-01-20,0
